IdSession,IdPSX,IdSubscriber,StartSession,EndSession,Duartion,UpTx,DownTx
15290,3,6906,05-01-2024 22:45:44,,33256,270581351,271700450
15358,3,8998,06-01-2024 05:24:13,,9347,338699460,358471178
15373,3,7141,06-01-2024 06:38:53,,4867,265612918,307010642
15257,3,7392,05-01-2024 19:40:59,,44341,1950143700,1975978073
15218,3,6389,05-01-2024 16:20:29,,56371,30556320251,63619616457
15242,3,9588,05-01-2024 18:23:29,,48991,739560287,1056342116
15383,3,7219,06-01-2024 07:10:32,,2968,118019780,150273970
15303,3,5195,06-01-2024 00:12:05,,28075,185869914,186862995
15258,3,3995,05-01-2024 19:44:53,,44107,298684745,405469834
15364,3,4338,06-01-2024 06:01:34,,7106,61923131,66920008
15248,3,4054,05-01-2024 18:44:58,,47702,2436542355,2863502216
15330,3,5928,06-01-2024 02:52:49,,18431,303699993,415291121
15365,3,9419,06-01-2024 06:04:30,,6930,164476386,211366789
15374,3,8200,06-01-2024 06:30:53,,5347,199926162,268339738
15294,3,4433,05-01-2024 22:58:50,,32470,7721482927,19136599165
15309,3,6680,06-01-2024 00:42:53,,26227,1320803382,1727289899
15390,3,5285,06-01-2024 07:58:19,,101,747044,877713
15332,3,7451,06-01-2024 03:08:06,,17514,20419877,29654402
15206,3,8862,05-01-2024 15:25:22,,59678,2865972787,3434790352
15310,3,7595,06-01-2024 00:40:47,,26353,196618449,200458000
15291,3,9601,05-01-2024 22:45:01,,33299,2035106289,2932741203
15202,3,7145,05-01-2024 14:44:45,,62115,2813287793,3940836231
15388,3,9840,06-01-2024 07:40:56,,1144,3075363,4509026
15243,3,8465,05-01-2024 18:23:13,,49007,1547767214,2047449572
15247,3,7938,05-01-2024 18:35:33,,48267,463153669,495399602
15227,3,4880,05-01-2024 17:05:08,,53692,1832949048,2151340426
15366,3,9919,06-01-2024 06:05:06,,6894,330332266,398811101
15346,3,5424,06-01-2024 04:04:47,,14113,819814093,881108458
15368,3,8739,06-01-2024 06:12:51,,6429,1731565790,4192481761
15369,3,8872,06-01-2024 06:13:09,,6411,226768651,246167587
15228,3,5241,05-01-2024 17:02:50,,53830,4366300728,4656835584
15334,3,8143,06-01-2024 03:13:16,,17204,381885642,517046512
15338,3,7795,06-01-2024 03:27:29,,16351,191291869,253424378
15328,3,9365,06-01-2024 02:47:24,,18756,146214277,163014126
15320,3,7013,06-01-2024 01:45:46,,22454,694697770,759146867
15267,3,4817,05-01-2024 20:38:17,,40903,3714283795,5234704753
15339,3,5570,06-01-2024 03:25:17,,16483,303604823,362912775
15286,3,8818,05-01-2024 22:12:17,,35263,460115247,609301173
15301,3,6572,05-01-2024 23:40:49,,29951,677383186,749938931
15327,3,8902,06-01-2024 02:37:31,,19349,692212523,1032865324
15262,3,4072,05-01-2024 20:01:21,,43119,2510722729,3222452762
15353,3,7221,06-01-2024 05:02:08,,10672,47655586,61175171
15181,3,8687,05-01-2024 13:07:13,,67967,2849015670,4131371439
15308,3,8248,06-01-2024 00:37:00,,26580,291227910,330797720
15331,3,8953,06-01-2024 02:53:42,,18378,745461026,960052597
15322,3,4355,06-01-2024 01:52:27,,22053,108531181,133526867
15297,3,5972,05-01-2024 23:10:03,,31797,1006255777,1022383753
15281,3,6430,05-01-2024 21:44:42,,36918,1475432429,1620305818
15295,3,6944,05-01-2024 22:57:51,06-01-2024 07:52:30,32079,2080538102,3017437652
15385,3,9733,06-01-2024 07:36:13,,1427,1511550,1883576
15344,3,6448,06-01-2024 03:50:43,,14957,217778719,316231289
15211,3,9311,05-01-2024 15:45:36,,58464,3234395468,3715625108
15391,3,4573,06-01-2024 07:58:28,,92,1001571,1275812
15356,3,9403,06-01-2024 05:12:34,,10046,129319869,150072377
15360,3,8271,06-01-2024 05:34:25,,8735,46081631,58184824
15340,3,8638,06-01-2024 03:26:33,,16407,383610374,524218004
15305,3,7987,06-01-2024 00:13:24,,27996,237909261,309328773
15288,3,6962,05-01-2024 22:22:57,,34623,844842999,1066774488
15245,3,3830,05-01-2024 18:20:51,,49149,1882618178,2767563304
15274,3,8029,05-01-2024 21:29:19,,37841,644267306,645104865
15341,3,6832,06-01-2024 03:42:42,,15438,304476226,452812971
15289,3,6869,05-01-2024 22:21:53,,34687,660978858,852644173
15324,3,8220,06-01-2024 02:16:04,,20636,2677820236,7783064871
15306,3,7481,06-01-2024 00:18:04,,27716,1295993588,1929722048
15325,3,7248,06-01-2024 02:29:08,,19852,75290115,88308280
15350,3,9316,06-01-2024 04:45:36,,11664,321827644,373586790
15283,3,7738,05-01-2024 21:47:39,,36741,6518157790,18013576127
15357,3,4941,06-01-2024 05:12:17,,10063,114563890,159121559
15237,3,8929,05-01-2024 17:58:32,,50488,2130223983,3098375044
15316,3,4672,06-01-2024 01:22:22,,23858,2260308700,2724138144
15378,3,9573,06-01-2024 06:47:24,,4356,152908261,168919733
15299,3,8923,05-01-2024 23:18:37,,31283,231707816,260256035
15354,3,7641,06-01-2024 05:06:22,,10418,42242084,50351435
15361,3,6526,06-01-2024 05:35:46,,8654,2863854088,7233610183
15370,3,3904,06-01-2024 06:13:38,,6382,2681997049,5858093059
15277,3,8983,05-01-2024 21:34:09,,37551,4429305756,11573564392
15389,3,8290,06-01-2024 07:44:04,,956,6559722,6862446
15348,3,4723,06-01-2024 04:18:00,,13320,192585181,207055777
15335,3,5632,06-01-2024 03:14:43,,17117,597041415,603465879
15379,3,8216,06-01-2024 06:43:34,,4586,411918484,566851260
15269,3,7009,05-01-2024 21:05:37,,39263,42856498,48443721
15367,3,6848,06-01-2024 06:09:18,,6642,271939648,309327369
15392,3,4801,06-01-2024 07:54:12,,348,4235272,5830078
15343,3,9111,06-01-2024 03:45:58,,15242,889351554,915198856
15351,3,8719,06-01-2024 04:48:52,,11468,894316200,1037621276
15386,3,9647,06-01-2024 07:35:16,,1484,16608860,16807419
15256,3,8724,05-01-2024 19:32:58,,44822,2517748813,3544824996
15375,3,4547,06-01-2024 06:32:25,,5255,21317539,25775480
15355,3,8350,06-01-2024 05:02:49,,10631,351342592,462403481
15376,3,8170,06-01-2024 06:39:09,,4851,147346975,159760429
15318,3,8355,06-01-2024 01:35:12,,23088,63943538,95655824
15382,3,7085,06-01-2024 07:00:33,,3567,34692798,40480557
15214,3,7042,05-01-2024 15:51:52,,58088,864514554,1138047416
15347,3,7959,06-01-2024 04:07:15,,13965,661943586,723997046
15231,3,6766,05-01-2024 17:28:23,,52297,1177719559,1212919431
15314,3,5168,06-01-2024 01:13:15,,24405,2382416738,2581863204
15300,3,7189,05-01-2024 23:39:17,,30043,12316093271,24583401062
15387,3,8492,06-01-2024 07:33:38,,1582,316845998,746619793
15384,3,9566,06-01-2024 07:14:24,,2736,55596850,60466985
15333,3,7500,06-01-2024 03:06:09,,17631,1024341142,1308491807
15323,3,9219,06-01-2024 02:04:24,,21336,56452841,78268590
15337,3,4843,06-01-2024 03:17:13,,16967,2970113054,6450818672
15377,3,8354,06-01-2024 06:39:44,,4816,1599407134,3907811990
15321,3,4705,06-01-2024 01:40:31,,22769,1092412660,1253309444
15278,3,6954,05-01-2024 21:37:12,,37368,777110536,857466529
15381,3,4989,06-01-2024 06:50:22,,4178,708071475,1766963601
15380,3,5052,06-01-2024 06:43:50,,4570,102719216,110805430
15363,3,4586,06-01-2024 05:43:41,,8179,113801886,121856733
15261,3,8153,05-01-2024 19:48:50,,43870,4432034554,4715451394
15362,3,5151,06-01-2024 05:35:08,,8692,2280682440,6540039193
15271,3,4926,05-01-2024 21:13:06,,38814,950922426,1389394353
15272,3,5482,05-01-2024 21:18:28,,38492,247317976,323837883
15372,3,4145,06-01-2024 06:21:20,,5920,320200979,339849389
15371,3,8977,06-01-2024 06:10:44,,6556,237496181,296936714
15345,3,6648,06-01-2024 03:59:40,,14420,748899347,934691642
15319,3,8535,06-01-2024 01:31:23,,23317,1689191110,2300169074
15307,3,9243,06-01-2024 00:29:32,,27028,6321085559,18017585122
IdSession,IdPSX,IdSubscriber,StartSession,EndSession,Duartion,UpTx,DownTx
15290,3,6906,05-01-2024 22:45:44,,33856,164584166,189655463
15358,3,8998,06-01-2024 05:24:13,,9947,278511221,342935734
15373,3,7141,06-01-2024 06:38:53,,5467,286701886,330970478
15257,3,7392,05-01-2024 19:40:59,,44941,2182247328,3005548797
15218,3,6389,05-01-2024 16:20:29,,56971,29217148404,68196541683
15242,3,9588,05-01-2024 18:23:29,,49591,1195248518,1737748881
15383,3,7219,06-01-2024 07:10:32,,3568,74320401,92697984
15303,3,5195,06-01-2024 00:12:05,,28675,286017646,339975968
15258,3,3995,05-01-2024 19:44:53,,44707,369971348,539440925
15364,3,4338,06-01-2024 06:01:34,,7706,98690248,107992822
15248,3,4054,05-01-2024 18:44:58,,48302,1903231182,2659865055
15330,3,5928,06-01-2024 02:52:49,,19031,318612079,462706732
15365,3,9419,06-01-2024 06:04:30,,7530,68711361,84166134
15374,3,8200,06-01-2024 06:30:53,,5947,250031833,374843025
15294,3,4433,05-01-2024 22:58:50,,33070,7296537785,16335139897
15309,3,6680,06-01-2024 00:42:53,,26827,1523973589,1614315517
15390,3,5285,06-01-2024 07:58:19,,701,6261654,7377967
15332,3,7451,06-01-2024 03:08:06,,18114,103362230,146778017
15206,3,8862,05-01-2024 15:25:22,,60278,2734346009,2824660129
15310,3,7595,06-01-2024 00:40:47,,26953,248971946,257628934
15291,3,9601,05-01-2024 22:45:01,,33899,2712120422,2861555152
15202,3,7145,05-01-2024 14:44:45,,62715,3623688889,4078542771
15388,3,9840,06-01-2024 07:40:56,,1744,8660277,11738033
15243,3,8465,05-01-2024 18:23:13,,49607,1596477157,1880114598
15247,3,7938,05-01-2024 18:35:33,,48867,822711953,989553868
15227,3,4880,05-01-2024 17:05:08,,54292,1576125124,1791007477
15366,3,9919,06-01-2024 06:05:06,,7494,382574927,407426020
15346,3,5424,06-01-2024 04:04:47,,14713,765891522,1070904766
15368,3,8739,06-01-2024 06:12:51,,7029,1410084870,3997556431
15369,3,8872,06-01-2024 06:13:09,,7011,255502356,332846111
15228,3,5241,05-01-2024 17:02:50,,54430,3199174451,4663674543
15334,3,8143,06-01-2024 03:13:16,,17804,348909917,458152217
15338,3,7795,06-01-2024 03:27:29,,16951,109972809,161754110
15328,3,9365,06-01-2024 02:47:24,,19356,124712642,129292489
15320,3,7013,06-01-2024 01:45:46,,23054,649386603,671099934
15267,3,4817,05-01-2024 20:38:17,,41503,3317968637,4747475649
15339,3,5570,06-01-2024 03:25:17,,17083,290949142,407432006
15286,3,8818,05-01-2024 22:12:17,,35863,358911819,506019893
15301,3,6572,05-01-2024 23:40:49,,30551,706650348,911181505
15327,3,8902,06-01-2024 02:37:31,,19949,963493594,1001359796
15262,3,4072,05-01-2024 20:01:21,,43719,2593408850,3361526275
15353,3,7221,06-01-2024 05:02:08,,11272,118907639,140922900
15181,3,8687,05-01-2024 13:07:13,,68567,3417855111,4004816132
15308,3,8248,06-01-2024 00:37:00,,27180,255581126,343828296
15331,3,8953,06-01-2024 02:53:42,,18978,934476790,1139892736
15322,3,4355,06-01-2024 01:52:27,,22653,219616746,309863488
15297,3,5972,05-01-2024 23:10:03,,32397,876476058,1007748554
15281,3,6430,05-01-2024 21:44:42,,37518,1572503813,1734827839
15385,3,9733,06-01-2024 07:36:13,,2027,10920738,14039446
15344,3,6448,06-01-2024 03:50:43,,15557,254636039,285797505
15211,3,9311,05-01-2024 15:45:36,,59064,3033074384,3612640211
15391,3,4573,06-01-2024 07:58:28,,692,6807265,9376201
15356,3,9403,06-01-2024 05:12:34,,10646,38390782,38500197
15360,3,8271,06-01-2024 05:34:25,,9335,71723107,79777491
15340,3,8638,06-01-2024 03:26:33,,17007,537719902,553504495
15305,3,7987,06-01-2024 00:13:24,,28596,88489301,100811852
15288,3,6962,05-01-2024 22:22:57,,35223,644888200,741682393
15245,3,3830,05-01-2024 18:20:51,,49749,2045745898,2469618288
15274,3,8029,05-01-2024 21:29:19,,38441,828160021,854696885
15341,3,6832,06-01-2024 03:42:42,,16038,449823989,532586169
15289,3,6869,05-01-2024 22:21:53,,35287,601093349,673316660
15324,3,8220,06-01-2024 02:16:04,,21236,3508008407,7409558524
15306,3,7481,06-01-2024 00:18:04,,28316,1682436382,2296481524
15325,3,7248,06-01-2024 02:29:08,,20452,94887413,131799829
15350,3,9316,06-01-2024 04:45:36,,12264,347796877,436735030
15283,3,7738,05-01-2024 21:47:39,,37341,6774531066,15372228612
15357,3,4941,06-01-2024 05:12:17,,10663,63903268,75610597
15237,3,8929,05-01-2024 17:58:32,,51088,2541169043,2839305076
15316,3,4672,06-01-2024 01:22:22,,24458,2737175145,2852316536
15378,3,9573,06-01-2024 06:47:24,,4956,106133042,124923360
15299,3,8923,05-01-2024 23:18:37,,31883,136238950,154557129
15354,3,7641,06-01-2024 05:06:22,,11018,171112004,199266702
15361,3,6526,06-01-2024 05:35:46,,9254,2851246003,7774405678
15370,3,3904,06-01-2024 06:13:38,,6982,2603779726,5807467591
15277,3,8983,05-01-2024 21:34:09,,38151,5115271542,10928877835
15389,3,8290,06-01-2024 07:44:04,,1556,9837133,12018012
15348,3,4723,06-01-2024 04:18:00,,13920,99145859,113688989
15335,3,5632,06-01-2024 03:14:43,,17717,461606077,679074171
15379,3,8216,06-01-2024 06:43:34,06-01-2024 08:01:32,4678,475887168,487442004
15269,3,7009,05-01-2024 21:05:37,,39863,41944140,54834442
15367,3,6848,06-01-2024 06:09:18,,7242,228185391,289747729
15392,3,4801,06-01-2024 07:54:12,,948,12011485,16309171
15343,3,9111,06-01-2024 03:45:58,,15842,765698046,1088018632
15351,3,8719,06-01-2024 04:48:52,,12068,884833154,1192686069
15386,3,9647,06-01-2024 07:35:16,,2084,13759018,14845582
15256,3,8724,05-01-2024 19:32:58,,45422,2427522591,2778146585
15375,3,4547,06-01-2024 06:32:25,,5855,64824445,94460448
15355,3,8350,06-01-2024 05:02:49,,11231,420631165,443456853
15376,3,8170,06-01-2024 06:39:09,,5451,93344075,93845847
15318,3,8355,06-01-2024 01:35:12,,23688,47336294,67980750
15382,3,7085,06-01-2024 07:00:33,,4167,31047180,39268769
15214,3,7042,05-01-2024 15:51:52,,58688,420689146,575190731
15347,3,7959,06-01-2024 04:07:15,,14565,662874386,857960654
15231,3,6766,05-01-2024 17:28:23,,52897,1632142842,1677694548
15314,3,5168,06-01-2024 01:13:15,,25005,2076842823,2893333013
15300,3,7189,05-01-2024 23:39:17,,30643,16046771577,30456573306
15387,3,8492,06-01-2024 07:33:38,,2182,436031440,1261632653
15384,3,9566,06-01-2024 07:14:24,,3336,65283198,68511313
15333,3,7500,06-01-2024 03:06:09,,18231,931920421,1194784115
15323,3,9219,06-01-2024 02:04:24,,21936,147640992,182013819
15337,3,4843,06-01-2024 03:17:13,,17567,2843213969,5758433595
15377,3,8354,06-01-2024 06:39:44,,5416,1949464495,5077945185
15321,3,4705,06-01-2024 01:40:31,,23369,1053503664,1404058545
15278,3,6954,05-01-2024 21:37:12,,37968,1168926435,1230143850
15381,3,4989,06-01-2024 06:50:22,,4778,629852156,1854510606
15380,3,5052,06-01-2024 06:43:50,,5170,104785702,118565500
15363,3,4586,06-01-2024 05:43:41,,8779,127001126,152598143
15261,3,8153,05-01-2024 19:48:50,,44470,4090592660,4933815465
15362,3,5151,06-01-2024 05:35:08,,9292,3671381315,7007815009
15271,3,4926,05-01-2024 21:13:06,,39414,1128009468,1235912115
15272,3,5482,05-01-2024 21:18:28,,39092,212763431,315889046
15372,3,4145,06-01-2024 06:21:20,,6520,333721759,334853205
15371,3,8977,06-01-2024 06:10:44,,7156,308600207,391202807
15345,3,6648,06-01-2024 03:59:40,,15020,1057528779,1090172583
15319,3,8535,06-01-2024 01:31:23,,23917,1779837488,2586950042
15307,3,9243,06-01-2024 00:29:32,,27628,7710807677,17679297885
IdSession,IdPSX,IdSubscriber,StartSession,EndSession,Duartion,UpTx,DownTx
15290,3,6906,05-01-2024 22:45:44,,34456,167315746,198775331
15358,3,8998,06-01-2024 05:24:13,,10547,305780192,348424475
15373,3,7141,06-01-2024 06:38:53,,6067,324943407,380899083
15257,3,7392,05-01-2024 19:40:59,,45541,2537127028,3140135794
15218,3,6389,05-01-2024 16:20:29,,57571,25110217221,68458657431
15242,3,9588,05-01-2024 18:23:29,,50191,1254980232,1517946419
15383,3,7219,06-01-2024 07:10:32,,4168,25249928,26638857
15303,3,5195,06-01-2024 00:12:05,,29275,103277332,104733016
15258,3,3995,05-01-2024 19:44:53,,45307,164929277,175683428
15364,3,4338,06-01-2024 06:01:34,,8306,50105112,59771822
15248,3,4054,05-01-2024 18:44:58,,48902,1981155593,2355412560
15330,3,5928,06-01-2024 02:52:49,,19631,350613362,434822989
15365,3,9419,06-01-2024 06:04:30,,8130,140152703,204979102
15374,3,8200,06-01-2024 06:30:53,,6547,297629558,324634145
15294,3,4433,05-01-2024 22:58:50,,33670,8106294046,16086193988
15309,3,6680,06-01-2024 00:42:53,,27427,1367661903,1757952673
15390,3,5285,06-01-2024 07:58:19,,1301,10671936,14697070
15332,3,7451,06-01-2024 03:08:06,,18714,81260021,109837009
15206,3,8862,05-01-2024 15:25:22,,60878,3229366651,3688071436
15310,3,7595,06-01-2024 00:40:47,,27553,426090977,437073547
15291,3,9601,05-01-2024 22:45:01,,34499,2262704014,3357166901
15202,3,7145,05-01-2024 14:44:45,,63315,3128587023,4094828150
15388,3,9840,06-01-2024 07:40:56,,2344,22198430,24099575
15243,3,8465,05-01-2024 18:23:13,,50207,1537209239,1861095962
15247,3,7938,05-01-2024 18:35:33,,49467,515339505,609290474
15227,3,4880,05-01-2024 17:05:08,,54892,1605072107,2394170210
15366,3,9919,06-01-2024 06:05:06,,8094,356758435,374839283
15346,3,5424,06-01-2024 04:04:47,,15313,848742888,956623046
15368,3,8739,06-01-2024 06:12:51,,7629,1672499081,4761643685
15369,3,8872,06-01-2024 06:13:09,,7611,212519801,310606545
15228,3,5241,05-01-2024 17:02:50,,55030,4057340303,4878125341
15334,3,8143,06-01-2024 03:13:16,,18404,253138143,321148899
15338,3,7795,06-01-2024 03:27:29,,17551,314951636,402627551
15328,3,9365,06-01-2024 02:47:24,,19956,87353981,93431432
15320,3,7013,06-01-2024 01:45:46,,23654,616259809,886504902
15267,3,4817,05-01-2024 20:38:17,,42103,3612988163,4599913680
15339,3,5570,06-01-2024 03:25:17,,17683,400141076,563852368
15286,3,8818,05-01-2024 22:12:17,,36463,473899367,648260113
15301,3,6572,05-01-2024 23:40:49,,31151,926718820,1062016134
15327,3,8902,06-01-2024 02:37:31,,20549,876515007,1088703313
15262,3,4072,05-01-2024 20:01:21,,44319,2654995686,2850309829
15353,3,7221,06-01-2024 05:02:08,,11872,117152697,136232049
15181,3,8687,05-01-2024 13:07:13,,69167,2956389439,3929628084
15308,3,8248,06-01-2024 00:37:00,,27780,277217178,335052915
15331,3,8953,06-01-2024 02:53:42,,19578,1447916047,1569200975
15322,3,4355,06-01-2024 01:52:27,,23253,266771907,267644505
15297,3,5972,05-01-2024 23:10:03,,32997,818197652,982988370
15281,3,6430,05-01-2024 21:44:42,,38118,1703928063,2053157416
15385,3,9733,06-01-2024 07:36:13,,2627,14886960,20049087
15344,3,6448,06-01-2024 03:50:43,,16157,277282424,298160413
15211,3,9311,05-01-2024 15:45:36,,59664,3467388175,4662714677
15391,3,4573,06-01-2024 07:58:28,,1292,7478048,8961144
15356,3,9403,06-01-2024 05:12:34,,11246,62146352,75487840
15360,3,8271,06-01-2024 05:34:25,06-01-2024 08:11:28,9423,57336705,70239726
15340,3,8638,06-01-2024 03:26:33,,17607,356868584,448801240
15305,3,7987,06-01-2024 00:13:24,,29196,217599472,304898661
15288,3,6962,05-01-2024 22:22:57,,35823,553244907,757734025
15245,3,3830,05-01-2024 18:20:51,,50349,2190581900,3146299691
15274,3,8029,05-01-2024 21:29:19,,39041,263787826,356661554
15341,3,6832,06-01-2024 03:42:42,,16638,484900889,650335772
15289,3,6869,05-01-2024 22:21:53,,35887,578289864,845845626
15324,3,8220,06-01-2024 02:16:04,,21836,3131223501,8302512781
15306,3,7481,06-01-2024 00:18:04,,28916,1763415767,1771221998
15325,3,7248,06-01-2024 02:29:08,,21052,216968709,243321072
15350,3,9316,06-01-2024 04:45:36,,12864,354747034,459636079
15283,3,7738,05-01-2024 21:47:39,,37941,7177211147,14092911268
15357,3,4941,06-01-2024 05:12:17,,11263,111820706,121412179
15237,3,8929,05-01-2024 17:58:32,,51688,2101680166,3025893115
15316,3,4672,06-01-2024 01:22:22,,25058,2157402818,3029581585
15378,3,9573,06-01-2024 06:47:24,,5556,97336642,115726506
15299,3,8923,05-01-2024 23:18:37,,32483,85002775,123954237
15354,3,7641,06-01-2024 05:06:22,,11618,84525994,111162295
15361,3,6526,06-01-2024 05:35:46,,9854,3708708387,9187335969
15370,3,3904,06-01-2024 06:13:38,,7582,2627139471,6386403441
15277,3,8983,05-01-2024 21:34:09,,38751,6060759078,12821658502
15389,3,8290,06-01-2024 07:44:04,,2156,8150710,12063487
15348,3,4723,06-01-2024 04:18:00,,14520,195618182,219296625
15335,3,5632,06-01-2024 03:14:43,,18317,454646376,639810615
15269,3,7009,05-01-2024 21:05:37,,40463,47768872,53110536
15367,3,6848,06-01-2024 06:09:18,,7842,280414475,293273520
15392,3,4801,06-01-2024 07:54:12,,1548,6157810,6824508
15343,3,9111,06-01-2024 03:45:58,,16442,934257948,966875920
15351,3,8719,06-01-2024 04:48:52,,12668,1040365431,1101147317
15386,3,9647,06-01-2024 07:35:16,,2684,11417122,16524458
15256,3,8724,05-01-2024 19:32:58,,46022,2498162286,2822167268
15375,3,4547,06-01-2024 06:32:25,,6455,109859995,153179224
15355,3,8350,06-01-2024 05:02:49,,11831,506568974,519681930
15376,3,8170,06-01-2024 06:39:09,,6051,135452480,140059408
15318,3,8355,06-01-2024 01:35:12,,24288,125474708,142348073
15382,3,7085,06-01-2024 07:00:33,,4767,88812407,99492689
15214,3,7042,05-01-2024 15:51:52,,59288,539126867,786571430
15347,3,7959,06-01-2024 04:07:15,,15165,754101771,831092707
15231,3,6766,05-01-2024 17:28:23,,53497,1167401744,1525079417
15314,3,5168,06-01-2024 01:13:15,,25605,1917259609,2395465555
15300,3,7189,05-01-2024 23:39:17,06-01-2024 08:16:41,31044,11606348428,29760441917
15387,3,8492,06-01-2024 07:33:38,,2782,770911395,1625332364
15384,3,9566,06-01-2024 07:14:24,,3936,67822254,90023605
15333,3,7500,06-01-2024 03:06:09,,18831,1254132302,1404088115
15323,3,9219,06-01-2024 02:04:24,,22536,166801871,247662101
15337,3,4843,06-01-2024 03:17:13,,18167,3083697400,7161003734
15377,3,8354,06-01-2024 06:39:44,,6016,1922322015,4641933598
15321,3,4705,06-01-2024 01:40:31,,23969,1361590784,1482771187
15278,3,6954,05-01-2024 21:37:12,,38568,398736464,510066047
15381,3,4989,06-01-2024 06:50:22,,5378,1040486875,2085615448
15380,3,5052,06-01-2024 06:43:50,,5770,160966986,188701715
15363,3,4586,06-01-2024 05:43:41,,9379,152600179,170219766
15261,3,8153,05-01-2024 19:48:50,,45070,3958870116,4364384326
15362,3,5151,06-01-2024 05:35:08,,9892,3554770651,6947069368
15271,3,4926,05-01-2024 21:13:06,,40014,893389263,1220552148
15272,3,5482,05-01-2024 21:18:28,,39692,120724201,149307617
15372,3,4145,06-01-2024 06:21:20,,7120,360370571,402171468
15371,3,8977,06-01-2024 06:10:44,,7756,277306941,406780310
15345,3,6648,06-01-2024 03:59:40,,15620,885769136,1035697571
15319,3,8535,06-01-2024 01:31:23,,24517,2026719878,2296684087
15307,3,9243,06-01-2024 00:29:32,,28228,6856556364,17494250155
IdSession,IdPSX,IdSubscriber,StartSession,EndSession,Duartion,UpTx,DownTx
15290,3,6906,05-01-2024 22:45:44,,35056,230405471,246050745
15358,3,8998,06-01-2024 05:24:13,,11147,290372276,329203516
15373,3,7141,06-01-2024 06:38:53,,6667,335608843,429074946
15257,3,7392,05-01-2024 19:40:59,,46141,2662788675,2773789381
15218,3,6389,05-01-2024 16:20:29,,58171,25956384201,59623582697
15242,3,9588,05-01-2024 18:23:29,,50791,959021625,1221007894
15383,3,7219,06-01-2024 07:10:32,,4768,41361779,49664973
15303,3,5195,06-01-2024 00:12:05,,29875,268489297,377194258
15258,3,3995,05-01-2024 19:44:53,,45907,76369565,82205807
15364,3,4338,06-01-2024 06:01:34,,8906,90092146,120236643
15248,3,4054,05-01-2024 18:44:58,,49502,1914269297,2446428630
15330,3,5928,06-01-2024 02:52:49,,20231,437952438,482025380
15365,3,9419,06-01-2024 06:04:30,,8730,63627409,75731553
15374,3,8200,06-01-2024 06:30:53,,7147,250051258,351838368
15294,3,4433,05-01-2024 22:58:50,,34270,6784053423,19166462213
15309,3,6680,06-01-2024 00:42:53,,28027,1432244141,1855893210
15390,3,5285,06-01-2024 07:58:19,,1901,35530054,51341612
15332,3,7451,06-01-2024 03:08:06,,19314,162046982,192724794
15206,3,8862,05-01-2024 15:25:22,,61478,3449478669,3943033742
15310,3,7595,06-01-2024 00:40:47,,28153,684746828,896707186
15291,3,9601,05-01-2024 22:45:01,,35099,2133436511,2985398998
15202,3,7145,05-01-2024 14:44:45,,63915,3336030847,3867408704
15388,3,9840,06-01-2024 07:40:56,,2944,8575213,9712974
15243,3,8465,05-01-2024 18:23:13,,50807,1577635319,1605070353
15247,3,7938,05-01-2024 18:35:33,,50067,911051369,955212610
15227,3,4880,05-01-2024 17:05:08,,55492,2244589771,2322792056
15366,3,9919,06-01-2024 06:05:06,,8694,352336845,375862089
15346,3,5424,06-01-2024 04:04:47,,15913,763701191,1089380601
15368,3,8739,06-01-2024 06:12:51,,8229,1781667328,4821847190
15369,3,8872,06-01-2024 06:13:09,,8211,284296458,300398193
15228,3,5241,05-01-2024 17:02:50,,55630,3691668432,4693294473
15334,3,8143,06-01-2024 03:13:16,,19004,379394438,519918085
15338,3,7795,06-01-2024 03:27:29,,18151,180036401,244914052
15328,3,9365,06-01-2024 02:47:24,,20556,140652817,185928137
15320,3,7013,06-01-2024 01:45:46,,24254,610991947,839712505
15267,3,4817,05-01-2024 20:38:17,,42703,3669091695,4872041069
15339,3,5570,06-01-2024 03:25:17,,18283,349313678,386410152
15286,3,8818,05-01-2024 22:12:17,,37063,391313331,491976110
15301,3,6572,05-01-2024 23:40:49,,31751,511542328,610080179
15327,3,8902,06-01-2024 02:37:31,,21149,1042817140,1092626162
15262,3,4072,05-01-2024 20:01:21,,44919,2721358454,3292518829
15353,3,7221,06-01-2024 05:02:08,,12472,57392461,62725478
15181,3,8687,05-01-2024 13:07:13,,69767,3277626018,4063761045
15308,3,8248,06-01-2024 00:37:00,,28380,374351632,399664332
15331,3,8953,06-01-2024 02:53:42,,20178,1583179426,1729229033
15322,3,4355,06-01-2024 01:52:27,,23853,66458093,91188437
15297,3,5972,05-01-2024 23:10:03,,33597,793472762,838177359
15281,3,6430,05-01-2024 21:44:42,,38718,1504318590,1642694480
15385,3,9733,06-01-2024 07:36:13,,3227,9122925,10321468
15344,3,6448,06-01-2024 03:50:43,,16757,304279283,361783660
15211,3,9311,05-01-2024 15:45:36,,60264,2810504171,3826252455
15391,3,4573,06-01-2024 07:58:28,,1892,16229922,16852953
15356,3,9403,06-01-2024 05:12:34,,11846,181360963,259907574
15340,3,8638,06-01-2024 03:26:33,,18207,377003527,564000967
15305,3,7987,06-01-2024 00:13:24,,29796,90507445,112263963
15288,3,6962,05-01-2024 22:22:57,,36423,630707619,686391270
15245,3,3830,05-01-2024 18:20:51,,50949,1942880217,2644737468
15274,3,8029,05-01-2024 21:29:19,,39641,341188250,344484255
15341,3,6832,06-01-2024 03:42:42,,17238,488002500,621230748
15289,3,6869,05-01-2024 22:21:53,,36487,1008669333,1243614099
15324,3,8220,06-01-2024 02:16:04,,22436,3425552422,9647954273
15306,3,7481,06-01-2024 00:18:04,,29516,1385989161,1755583016
15325,3,7248,06-01-2024 02:29:08,,21652,239165612,274138491
15350,3,9316,06-01-2024 04:45:36,,13464,276355379,333241985
15283,3,7738,05-01-2024 21:47:39,,38541,5763025252,17163389321
15357,3,4941,06-01-2024 05:12:17,,11863,35003661,38537872
15237,3,8929,05-01-2024 17:58:32,,52288,3046087307,3263200556
15316,3,4672,06-01-2024 01:22:22,,25658,2497158829,2813690440
15378,3,9573,06-01-2024 06:47:24,,6156,91813187,119322394
15299,3,8923,05-01-2024 23:18:37,,33083,105556015,128233608
15354,3,7641,06-01-2024 05:06:22,,12218,172923609,199424226
15361,3,6526,06-01-2024 05:35:46,,10454,4403868628,9530417863
15370,3,3904,06-01-2024 06:13:38,,8182,3162708371,7180013535
15277,3,8983,05-01-2024 21:34:09,,39351,4698257845,12179170695
15389,3,8290,06-01-2024 07:44:04,,2756,8297364,12024930
15348,3,4723,06-01-2024 04:18:00,,15120,79372061,88187327
15335,3,5632,06-01-2024 03:14:43,,18917,649535195,842691880
15269,3,7009,05-01-2024 21:05:37,,41063,47856502,58159856
15367,3,6848,06-01-2024 06:09:18,,8442,275717236,289351996
15392,3,4801,06-01-2024 07:54:12,,2148,11617756,14304922
15343,3,9111,06-01-2024 03:45:58,,17042,948000923,1044598805
15351,3,8719,06-01-2024 04:48:52,,13268,994349612,1067568195
15386,3,9647,06-01-2024 07:35:16,,3284,7170860,9636411
15256,3,8724,05-01-2024 19:32:58,,46622,2217945207,2465225638
15375,3,4547,06-01-2024 06:32:25,,7055,55554827,64416940
15355,3,8350,06-01-2024 05:02:49,,12431,393639203,449192655
15376,3,8170,06-01-2024 06:39:09,,6651,225085892,256630629
15318,3,8355,06-01-2024 01:35:12,,24888,49125301,68407112
15382,3,7085,06-01-2024 07:00:33,,5367,126127768,186271796
15214,3,7042,05-01-2024 15:51:52,,59888,595393787,827405978
15347,3,7959,06-01-2024 04:07:15,,15765,747808125,775657066
15231,3,6766,05-01-2024 17:28:23,,54097,1453668972,1678800049
15314,3,5168,06-01-2024 01:13:15,,26205,2073342687,2795725783
15387,3,8492,06-01-2024 07:33:38,,3382,519249107,1503588287
15384,3,9566,06-01-2024 07:14:24,,4536,90623111,118559396
15333,3,7500,06-01-2024 03:06:09,,19431,950710422,1071602714
15323,3,9219,06-01-2024 02:04:24,,23136,146388003,171288287
15337,3,4843,06-01-2024 03:17:13,,18767,3330230031,6404609997
15377,3,8354,06-01-2024 06:39:44,,6616,1739390390,5015437108
15321,3,4705,06-01-2024 01:40:31,,24569,1038475167,1461453996
15278,3,6954,05-01-2024 21:37:12,,39168,785628564,835914976
15381,3,4989,06-01-2024 06:50:22,,5978,1018925861,2136733414
15380,3,5052,06-01-2024 06:43:50,,6370,138589400,149491613
15363,3,4586,06-01-2024 05:43:41,,9979,168920257,214924906
15261,3,8153,05-01-2024 19:48:50,,45670,4169100641,5286230953
15362,3,5151,06-01-2024 05:35:08,,10492,3995963318,8315508219
15271,3,4926,05-01-2024 21:13:06,,40614,925507226,1122272774
15272,3,5482,05-01-2024 21:18:28,,40292,385018870,478531455
15372,3,4145,06-01-2024 06:21:20,,7720,404708040,504985193
15371,3,8977,06-01-2024 06:10:44,,8356,326146440,348902522
15345,3,6648,06-01-2024 03:59:40,,16220,869881635,1187264676
15319,3,8535,06-01-2024 01:31:23,,25117,2335137041,2455616455
15307,3,9243,06-01-2024 00:29:32,,28828,7811359232,19576723112
IdSession,IdPSX,IdSubscriber,StartSession,EndSession,Duartion,UpTx,DownTx
15290,3,6906,05-01-2024 22:45:44,,35656,260853775,299473894
15358,3,8998,06-01-2024 05:24:13,,11747,317903696,326271590
15373,3,7141,06-01-2024 06:38:53,,7267,359619478,435010302
15257,3,7392,05-01-2024 19:40:59,,46741,2342923660,3287741333
15218,3,6389,05-01-2024 16:20:29,,58771,29849781455,63482491695
15242,3,9588,05-01-2024 18:23:29,,51391,939180179,1129038479
15383,3,7219,06-01-2024 07:10:32,,5368,13330878,14804583
15303,3,5195,06-01-2024 00:12:05,,30475,173084104,234056533
15258,3,3995,05-01-2024 19:44:53,,46507,444327574,577710508
15364,3,4338,06-01-2024 06:01:34,,9506,79579877,86684040
15248,3,4054,05-01-2024 18:44:58,,50102,2600922903,2956216249
15330,3,5928,06-01-2024 02:52:49,,20831,417626830,525055427
15365,3,9419,06-01-2024 06:04:30,,9330,101650216,138431181
15374,3,8200,06-01-2024 06:30:53,,7747,314207590,358905222
15294,3,4433,05-01-2024 22:58:50,,34870,8347373801,19582038715
15309,3,6680,06-01-2024 00:42:53,,28627,1955545094,2062452900
15390,3,5285,06-01-2024 07:58:19,,2501,29861033,40438237
15332,3,7451,06-01-2024 03:08:06,,19914,22906982,25819986
15206,3,8862,05-01-2024 15:25:22,,62078,2941497090,3149873863
15310,3,7595,06-01-2024 00:40:47,,28753,604036139,858432743
15291,3,9601,05-01-2024 22:45:01,,35699,2349258346,3497554178
15202,3,7145,05-01-2024 14:44:45,,64515,3785738043,4559022577
15388,3,9840,06-01-2024 07:40:56,,3544,9191759,11014698
15243,3,8465,05-01-2024 18:23:13,,51407,1632886333,2350936004
15247,3,7938,05-01-2024 18:35:33,,50667,662978907,716965052
15227,3,4880,05-01-2024 17:05:08,,56092,2023915106,2604326841
15366,3,9919,06-01-2024 06:05:06,,9294,393639549,547496501
15346,3,5424,06-01-2024 04:04:47,,16513,853267812,1195217991
15368,3,8739,06-01-2024 06:12:51,,8829,2140759519,4560699306
15369,3,8872,06-01-2024 06:13:09,,8811,289847173,367123761
15228,3,5241,05-01-2024 17:02:50,,56230,3771469834,3978653933
15334,3,8143,06-01-2024 03:13:16,,19604,316099208,330785401
15338,3,7795,06-01-2024 03:27:29,,18751,194903470,216528811
15328,3,9365,06-01-2024 02:47:24,,21156,73745324,87132252
15320,3,7013,06-01-2024 01:45:46,,24854,468544421,603886787
15267,3,4817,05-01-2024 20:38:17,,43303,3534541027,5268075720
15339,3,5570,06-01-2024 03:25:17,,18883,386879314,448683700
15286,3,8818,05-01-2024 22:12:17,,37663,674965813,714075239
15301,3,6572,05-01-2024 23:40:49,,32351,724839735,758828801
15327,3,8902,06-01-2024 02:37:31,,21749,1038039686,1264751710
15262,3,4072,05-01-2024 20:01:21,,45519,2850300629,3959591447
15353,3,7221,06-01-2024 05:02:08,,13072,67350691,72740792
15181,3,8687,05-01-2024 13:07:13,06-01-2024 08:31:33,69860,3144917458,4381044438
15308,3,8248,06-01-2024 00:37:00,,28980,275784488,379467680
15331,3,8953,06-01-2024 02:53:42,,20778,1578093277,1824895766
15322,3,4355,06-01-2024 01:52:27,,24453,123502953,170889422
15297,3,5972,05-01-2024 23:10:03,,34197,747265541,905218085
15281,3,6430,05-01-2024 21:44:42,,39318,1918065233,2418257543
15385,3,9733,06-01-2024 07:36:13,,3827,18558928,26327597
15344,3,6448,06-01-2024 03:50:43,,17357,324379278,377746103
15211,3,9311,05-01-2024 15:45:36,,60864,2833240406,3855633601
15391,3,4573,06-01-2024 07:58:28,,2492,51314581,64708721
15356,3,9403,06-01-2024 05:12:34,,12446,166880915,247531644
15340,3,8638,06-01-2024 03:26:33,,18807,431555732,574441058
15305,3,7987,06-01-2024 00:13:24,,30396,347907729,354300824
15288,3,6962,05-01-2024 22:22:57,,37023,561070229,771535779
15245,3,3830,05-01-2024 18:20:51,,51549,2090759876,2718636705
15274,3,8029,05-01-2024 21:29:19,,40241,570937642,595997440
15341,3,6832,06-01-2024 03:42:42,,17838,473331084,631875454
15289,3,6869,05-01-2024 22:21:53,,37087,761151076,900737242
15324,3,8220,06-01-2024 02:16:04,,23036,3715152077,7470205192
15306,3,7481,06-01-2024 00:18:04,,30116,1740612708,2475936821
15325,3,7248,06-01-2024 02:29:08,,22252,190918872,203323703
15350,3,9316,06-01-2024 04:45:36,,14064,407727305,583603536
15283,3,7738,05-01-2024 21:47:39,,39141,7251915801,14748814520
15357,3,4941,06-01-2024 05:12:17,,12463,64502617,79687010
15237,3,8929,05-01-2024 17:58:32,,52888,2627630662,2992397033
15316,3,4672,06-01-2024 01:22:22,,26258,2262542947,3192081011
15378,3,9573,06-01-2024 06:47:24,,6756,164598223,223938644
15299,3,8923,05-01-2024 23:18:37,,33683,124264065,174609971
15354,3,7641,06-01-2024 05:06:22,,12818,131989995,178227603
15361,3,6526,06-01-2024 05:35:46,,11054,4555889394,9653267751
15370,3,3904,06-01-2024 06:13:38,,8782,2883324438,7267157147
15277,3,8983,05-01-2024 21:34:09,,39951,5108430377,14092567245
15389,3,8290,06-01-2024 07:44:04,,3356,79185619,81306859
15348,3,4723,06-01-2024 04:18:00,,15720,116973360,169792226
15335,3,5632,06-01-2024 03:14:43,,19517,592137682,666569544
15269,3,7009,05-01-2024 21:05:37,,41663,38985011,55052528
15367,3,6848,06-01-2024 06:09:18,,9042,294166869,297767144
15392,3,4801,06-01-2024 07:54:12,,2748,15116710,16906103
15343,3,9111,06-01-2024 03:45:58,,17642,1055798552,1136436430
15351,3,8719,06-01-2024 04:48:52,,13868,1019716757,1196937425
15386,3,9647,06-01-2024 07:35:16,,3884,11934423,16397029
15256,3,8724,05-01-2024 19:32:58,,47222,2396940563,3000679591
15375,3,4547,06-01-2024 06:32:25,,7655,22047745,31719913
15355,3,8350,06-01-2024 05:02:49,,13031,623793802,631736528
15376,3,8170,06-01-2024 06:39:09,,7251,212023395,282645305
15318,3,8355,06-01-2024 01:35:12,,25488,150343448,202759034
15382,3,7085,06-01-2024 07:00:33,,5967,41670471,57547203
15214,3,7042,05-01-2024 15:51:52,,60488,802434900,835035011
15347,3,7959,06-01-2024 04:07:15,,16365,726351861,917548052
15231,3,6766,05-01-2024 17:28:23,,54697,1190612534,1514597977
15314,3,5168,06-01-2024 01:13:15,,26805,2027217336,2344152871
15387,3,8492,06-01-2024 07:33:38,,3982,806183962,1660987999
15384,3,9566,06-01-2024 07:14:24,,5136,131690971,184885828
15333,3,7500,06-01-2024 03:06:09,,20031,1121328300,1389995205
15323,3,9219,06-01-2024 02:04:24,,23736,233432598,276429451
15337,3,4843,06-01-2024 03:17:13,,19367,2325152732,6767362465
15377,3,8354,06-01-2024 06:39:44,,7216,2524361144,6083525614
15321,3,4705,06-01-2024 01:40:31,,25169,998153507,1478268634
15278,3,6954,05-01-2024 21:37:12,,39768,1023329166,1082364753
15381,3,4989,06-01-2024 06:50:22,,6578,1370540383,2585121780
15380,3,5052,06-01-2024 06:43:50,,6970,134386765,182815985
15363,3,4586,06-01-2024 05:43:41,,10579,147489142,200003466
15261,3,8153,05-01-2024 19:48:50,,46270,4756249261,5426345474
15362,3,5151,06-01-2024 05:35:08,,11092,3954210428,7878257961
15271,3,4926,05-01-2024 21:13:06,,41214,1039435721,1376572712
15272,3,5482,05-01-2024 21:18:28,,40892,366837742,453951210
15372,3,4145,06-01-2024 06:21:20,,8320,374538342,500706639
15371,3,8977,06-01-2024 06:10:44,,8956,306162824,457167251
15345,3,6648,06-01-2024 03:59:40,,16820,980550127,1195554914
15319,3,8535,06-01-2024 01:31:23,,25717,2083155226,2723704511
15307,3,9243,06-01-2024 00:29:32,,29428,7819165928,16417341217
IdSession,IdPSX,IdSubscriber,StartSession,EndSession,Duartion,UpTx,DownTx
15290,3,6906,05-01-2024 22:45:44,,36256,172459196,248738963
15358,3,8998,06-01-2024 05:24:13,,12347,271836792,380799679
15373,3,7141,06-01-2024 06:38:53,,7867,346496678,426131226
15257,3,7392,05-01-2024 19:40:59,,47341,2610542247,3109609046
15218,3,6389,05-01-2024 16:20:29,,59371,29664904293,64744097216
15242,3,9588,05-01-2024 18:23:29,,51991,923790381,1242437817
15383,3,7219,06-01-2024 07:10:32,,5968,17712612,20879385
15303,3,5195,06-01-2024 00:12:05,,31075,378346138,494243702
15258,3,3995,05-01-2024 19:44:53,,47107,183663539,238768114
15364,3,4338,06-01-2024 06:01:34,,10106,65760718,81142484
15248,3,4054,05-01-2024 18:44:58,,50702,2077252358,3059113462
15330,3,5928,06-01-2024 02:52:49,,21431,512672173,618920697
15365,3,9419,06-01-2024 06:04:30,,9930,127847939,161005188
15374,3,8200,06-01-2024 06:30:53,,8347,300296220,416492715
15294,3,4433,05-01-2024 22:58:50,,35470,10045403847,21165273003
15309,3,6680,06-01-2024 00:42:53,,29227,1767985733,2555068633
15390,3,5285,06-01-2024 07:58:19,,3101,42255336,45522677
15332,3,7451,06-01-2024 03:08:06,,20514,99891169,121108282
15206,3,8862,05-01-2024 15:25:22,,62678,3791361129,3852967473
15310,3,7595,06-01-2024 00:40:47,,29353,821963972,1083842281
15291,3,9601,05-01-2024 22:45:01,,36299,2115963319,3139794690
15202,3,7145,05-01-2024 14:44:45,,65115,3943707345,4309807777
15388,3,9840,06-01-2024 07:40:56,,4144,29927005,30039072
15243,3,8465,05-01-2024 18:23:13,,52007,1475665122,2164687536
15247,3,7938,05-01-2024 18:35:33,,51267,642709946,813670040
15227,3,4880,05-01-2024 17:05:08,,56692,1879992524,2293514858
15366,3,9919,06-01-2024 06:05:06,,9894,381140686,428264347
15346,3,5424,06-01-2024 04:04:47,,17113,789627270,1130755272
15393,3,6892,06-01-2024 08:46:20,,220,19078772,22924970
15368,3,8739,06-01-2024 06:12:51,,9429,2880462748,5417956424
15369,3,8872,06-01-2024 06:13:09,,9411,274713626,299826162
15228,3,5241,05-01-2024 17:02:50,,56830,3835680968,4869872681
15334,3,8143,06-01-2024 03:13:16,,20204,321996650,344700928
15338,3,7795,06-01-2024 03:27:29,,19351,210479578,221259202
15328,3,9365,06-01-2024 02:47:24,,21756,111430952,120480727
15320,3,7013,06-01-2024 01:45:46,,25454,425193338,618387647
15267,3,4817,05-01-2024 20:38:17,,43903,3459675682,4772361649
15339,3,5570,06-01-2024 03:25:17,,19483,377595291,384298229
15286,3,8818,05-01-2024 22:12:17,,38263,488257791,620503507
15301,3,6572,05-01-2024 23:40:49,,32951,668521593,783122918
15327,3,8902,06-01-2024 02:37:31,,22349,947914139,1091214138
15262,3,4072,05-01-2024 20:01:21,,46119,3113286168,4642743240
15353,3,7221,06-01-2024 05:02:08,,13672,226739154,336755278
15308,3,8248,06-01-2024 00:37:00,,29580,382075495,404187406
15331,3,8953,06-01-2024 02:53:42,,21378,1207328663,1427900169
15322,3,4355,06-01-2024 01:52:27,,25053,301194406,371433306
15297,3,5972,05-01-2024 23:10:03,,34797,1063505117,1181710902
15281,3,6430,05-01-2024 21:44:42,,39918,1598068759,2130685522
15385,3,9733,06-01-2024 07:36:13,,4427,44098042,65344030
15344,3,6448,06-01-2024 03:50:43,,17957,306962230,421391371
15211,3,9311,05-01-2024 15:45:36,,61464,3647070596,4072823368
15391,3,4573,06-01-2024 07:58:28,,3092,21283274,31328692
15356,3,9403,06-01-2024 05:12:34,,13046,239215447,323092166
15340,3,8638,06-01-2024 03:26:33,,19407,486130781,489572225
15305,3,7987,06-01-2024 00:13:24,,30996,387675650,520100703
15288,3,6962,05-01-2024 22:22:57,,37623,956917760,1017363055
15245,3,3830,05-01-2024 18:20:51,,52149,2312297836,3088952737
15274,3,8029,05-01-2024 21:29:19,,40841,474275633,697380185
15341,3,6832,06-01-2024 03:42:42,,18438,695477875,758659611
15289,3,6869,05-01-2024 22:21:53,,37687,617805581,902403298
15324,3,8220,06-01-2024 02:16:04,,23636,3541838218,8807533502
15306,3,7481,06-01-2024 00:18:04,,30716,1383277898,2010423199
15325,3,7248,06-01-2024 02:29:08,,22852,79003024,93522784
15350,3,9316,06-01-2024 04:45:36,,14664,312481072,443258610
15283,3,7738,05-01-2024 21:47:39,,39741,6957597614,14993529801
15357,3,4941,06-01-2024 05:12:17,,13063,74820446,93138954
15237,3,8929,05-01-2024 17:58:32,,53488,2480687725,3117375698
15316,3,4672,06-01-2024 01:22:22,06-01-2024 08:43:18,26456,2441194451,3386060640
15394,3,4672,06-01-2024 08:43:56,,364,18851618,19163773
15378,3,9573,06-01-2024 06:47:24,,7356,166299358,227076524
15299,3,8923,05-01-2024 23:18:37,,34283,316912449,415816113
15354,3,7641,06-01-2024 05:06:22,,13418,267788240,378283663
15361,3,6526,06-01-2024 05:35:46,,11654,4948349620,11442090503
15370,3,3904,06-01-2024 06:13:38,,9382,3271374636,8891539764
15277,3,8983,05-01-2024 21:34:09,,40551,6110748871,11920463265
15389,3,8290,06-01-2024 07:44:04,,3956,27510285,27575808
15348,3,4723,06-01-2024 04:18:00,,16320,109601640,140645757
15335,3,5632,06-01-2024 03:14:43,,20117,834230597,1077487593
15269,3,7009,05-01-2024 21:05:37,,42263,50238923,65221323
15367,3,6848,06-01-2024 06:09:18,,9642,306464634,353105108
15392,3,4801,06-01-2024 07:54:12,,3348,18859926,21314088
15343,3,9111,06-01-2024 03:45:58,,18242,1210157446,1490948704
15351,3,8719,06-01-2024 04:48:52,,14468,916300408,1148930955
15386,3,9647,06-01-2024 07:35:16,,4484,17101095,20875330
15256,3,8724,05-01-2024 19:32:58,,47822,1867986245,2498042051
15375,3,4547,06-01-2024 06:32:25,,8255,83758292,94104162
15355,3,8350,06-01-2024 05:02:49,,13631,427454467,511629050
15376,3,8170,06-01-2024 06:39:09,,7851,151901138,154331270
15318,3,8355,06-01-2024 01:35:12,,26088,67988170,95376574
15382,3,7085,06-01-2024 07:00:33,,6567,61217161,69302394
15214,3,7042,05-01-2024 15:51:52,,61088,829389454,966856515
15347,3,7959,06-01-2024 04:07:15,,16965,653482078,903639821
15231,3,6766,05-01-2024 17:28:23,,55297,1070861850,1545420014
15314,3,5168,06-01-2024 01:13:15,,27405,2037030003,2699502222
15387,3,8492,06-01-2024 07:33:38,,4582,859837810,2176851031
15384,3,9566,06-01-2024 07:14:24,,5736,120276936,124249039
15333,3,7500,06-01-2024 03:06:09,,20631,1281052583,1568918412
15323,3,9219,06-01-2024 02:04:24,,24336,323000376,349714339
15337,3,4843,06-01-2024 03:17:13,,19967,2595747466,7090172725
15377,3,8354,06-01-2024 06:39:44,,7816,2318864070,6355190408
15321,3,4705,06-01-2024 01:40:31,,25769,1311914438,1430402645
15278,3,6954,05-01-2024 21:37:12,,40368,374794530,518546320
15381,3,4989,06-01-2024 06:50:22,,7178,1003190659,2983368895
15380,3,5052,06-01-2024 06:43:50,,7570,144095979,150336158
15363,3,4586,06-01-2024 05:43:41,,11179,260323561,284414366
15261,3,8153,05-01-2024 19:48:50,,46870,5015895592,5183335936
15362,3,5151,06-01-2024 05:35:08,,11692,3951821229,8305516013
15271,3,4926,05-01-2024 21:13:06,06-01-2024 08:44:20,41474,911474373,1181058985
15395,3,4926,06-01-2024 08:45:41,,259,5607785,6078626
15272,3,5482,05-01-2024 21:18:28,,41492,166170910,202637057
15372,3,4145,06-01-2024 06:21:20,,8920,452966161,530057301
15371,3,8977,06-01-2024 06:10:44,,9556,314931012,459016133
15345,3,6648,06-01-2024 03:59:40,,17420,1044425774,1291041543
15319,3,8535,06-01-2024 01:31:23,,26317,2148814354,2674807379
15307,3,9243,06-01-2024 00:29:32,,30028,7603446632,21642931315
