"IdSession","IdPSX","IdSubscriber","StartSession","EndSession","Duartion","UpTx","DownTx","date","Hour"
14588,3,7007,2024-01-03 01:07:09,NA,171,9399806,10026544,"2024-01-03",1
14589,3,9588,2024-01-03 01:14:39,NA,321,5278004,7276233,"2024-01-03",1
14588,3,7007,2024-01-03 01:07:09,NA,771,42827657,46749581,"2024-01-03",1
14590,3,8770,2024-01-03 01:16:59,NA,181,1526031,1557991,"2024-01-03",1
14589,3,9588,2024-01-03 01:14:39,NA,921,17566316,22116139,"2024-01-03",1
14588,3,7007,2024-01-03 01:07:09,NA,1371,88539949,89326415,"2024-01-03",1
14590,3,8770,2024-01-03 01:16:59,NA,781,12685057,14924310,"2024-01-03",1
14591,3,4689,2024-01-03 01:21:25,NA,515,10679078,11513406,"2024-01-03",1
14589,3,9588,2024-01-03 01:14:39,NA,1521,28258609,33017006,"2024-01-03",1
14588,3,7007,2024-01-03 01:07:09,NA,1971,111083027,156969538,"2024-01-03",1
14590,3,8770,2024-01-03 01:16:59,NA,1381,9668615,13754964,"2024-01-03",1
14592,3,7046,2024-01-03 01:35:09,NA,291,18628089,19057172,"2024-01-03",1
14593,3,5354,2024-01-03 01:38:13,NA,107,1122053,1346324,"2024-01-03",1
14591,3,4689,2024-01-03 01:21:25,NA,1115,26793209,29658580,"2024-01-03",1
14594,3,8193,2024-01-03 01:34:18,NA,342,24406231,31829080,"2024-01-03",1
14589,3,9588,2024-01-03 01:14:39,NA,2121,43809323,51575255,"2024-01-03",1
14588,3,7007,2024-01-03 01:07:09,NA,2571,210024149,227912133,"2024-01-03",1
14595,3,7842,2024-01-03 01:46:20,NA,220,5059498,5070020,"2024-01-03",1
14590,3,8770,2024-01-03 01:16:59,NA,1981,30733937,39273099,"2024-01-03",1
14592,3,7046,2024-01-03 01:35:09,NA,891,58412389,61550321,"2024-01-03",1
14596,3,4573,2024-01-03 01:46:59,NA,181,3326216,3572406,"2024-01-03",1
14593,3,5354,2024-01-03 01:38:13,NA,707,1261092,1670364,"2024-01-03",1
14591,3,4689,2024-01-03 01:21:25,NA,1715,33061875,41356494,"2024-01-03",1
14594,3,8193,2024-01-03 01:34:18,NA,942,52978651,60989205,"2024-01-03",1
14597,3,8355,2024-01-03 01:43:57,NA,363,301327,426962,"2024-01-03",1
14589,3,9588,2024-01-03 01:14:39,NA,2721,49171842,57158864,"2024-01-03",1
14588,3,7007,2024-01-03 01:07:09,NA,3171,242638652,279243617,"2024-01-03",1
14595,3,7842,2024-01-03 01:46:20,NA,820,15035058,19312614,"2024-01-03",1
14598,3,4116,2024-01-03 01:58:21,NA,99,2645173,3345019,"2024-01-03",1
14590,3,8770,2024-01-03 01:16:59,NA,2581,19252682,26987766,"2024-01-03",1
14592,3,7046,2024-01-03 01:35:09,NA,1491,93964158,133626618,"2024-01-03",1
14596,3,4573,2024-01-03 01:46:59,NA,781,9660171,13289792,"2024-01-03",1
14593,3,5354,2024-01-03 01:38:13,NA,1307,8098780,11951096,"2024-01-03",1
14591,3,4689,2024-01-03 01:21:25,NA,2315,51607788,62237322,"2024-01-03",1
14599,3,5217,2024-01-03 01:56:02,NA,238,625301,913215,"2024-01-03",1
14594,3,8193,2024-01-03 01:34:18,NA,1542,75030947,101536603,"2024-01-03",1
14600,3,8170,2024-01-03 01:50:52,NA,548,11229418,16359839,"2024-01-03",1
14597,3,8355,2024-01-03 01:43:57,NA,963,4124825,4252391,"2024-01-03",1
14601,3,4080,2024-01-03 01:54:56,NA,304,3310435,4102581,"2024-01-03",1
14589,3,9588,2024-01-03 01:14:39,NA,3321,55514169,62751758,"2024-01-03",1
14588,3,7007,2024-01-03 01:07:09,NA,3771,243725698,329031730,"2024-01-03",1
14595,3,7842,2024-01-03 01:46:20,NA,1420,10802020,14404737,"2024-01-03",1
14598,3,4116,2024-01-03 01:58:21,NA,699,35157648,41424452,"2024-01-03",1
14590,3,8770,2024-01-03 01:16:59,NA,3181,29256974,29858201,"2024-01-03",1
14592,3,7046,2024-01-03 01:35:09,NA,2091,125389570,147773146,"2024-01-03",1
14596,3,4573,2024-01-03 01:46:59,NA,1381,63191497,69790583,"2024-01-03",1
14593,3,5354,2024-01-03 01:38:13,NA,1907,6008304,7193601,"2024-01-03",1
14591,3,4689,2024-01-03 01:21:25,NA,2915,71225027,91561805,"2024-01-03",1
14599,3,5217,2024-01-03 01:56:02,NA,838,8752750,10362719,"2024-01-03",1
14594,3,8193,2024-01-03 01:34:18,NA,2142,116878926,126993865,"2024-01-03",1
14600,3,8170,2024-01-03 01:50:52,NA,1148,4095789,4732287,"2024-01-03",1
14597,3,8355,2024-01-03 01:43:57,NA,1563,3961572,4542218,"2024-01-03",1
14601,3,4080,2024-01-03 01:54:56,NA,904,18154684,19610495,"2024-01-03",1
14589,3,9588,2024-01-03 01:14:39,NA,3921,69509449,96702187,"2024-01-03",1
14588,3,7007,2024-01-03 01:07:09,NA,4371,313414319,423529978,"2024-01-03",1
14595,3,7842,2024-01-03 01:46:20,NA,2020,22173096,25728873,"2024-01-03",1
14598,3,4116,2024-01-03 01:58:21,NA,1299,38091409,54185654,"2024-01-03",1
14590,3,8770,2024-01-03 01:16:59,NA,3781,77902399,90773679,"2024-01-03",1
14592,3,7046,2024-01-03 01:35:09,NA,2691,160185981,179416074,"2024-01-03",1
14596,3,4573,2024-01-03 01:46:59,NA,1981,42834095,48259314,"2024-01-03",1
14593,3,5354,2024-01-03 01:38:13,NA,2507,9463268,12534756,"2024-01-03",1
14591,3,4689,2024-01-03 01:21:25,NA,3515,84604474,92524229,"2024-01-03",1
14599,3,5217,2024-01-03 01:56:02,NA,1438,9568125,12378523,"2024-01-03",1
14594,3,8193,2024-01-03 01:34:18,NA,2742,124815893,160187890,"2024-01-03",1
14600,3,8170,2024-01-03 01:50:52,NA,1748,26592014,28245966,"2024-01-03",1
14597,3,8355,2024-01-03 01:43:57,NA,2163,10279674,12007034,"2024-01-03",1
14601,3,4080,2024-01-03 01:54:56,NA,1504,4063613,5934460,"2024-01-03",1
14589,3,9588,2024-01-03 01:14:39,NA,4521,107751743,120129421,"2024-01-03",1
14588,3,7007,2024-01-03 01:07:09,NA,4971,442123654,544957901,"2024-01-03",1
14595,3,7842,2024-01-03 01:46:20,NA,2620,27203652,30264603,"2024-01-03",1
14598,3,4116,2024-01-03 01:58:21,NA,1899,42745208,62929270,"2024-01-03",1
14590,3,8770,2024-01-03 01:16:59,NA,4381,77995506,110701381,"2024-01-03",1
14592,3,7046,2024-01-03 01:35:09,NA,3291,186684051,234564049,"2024-01-03",1
14596,3,4573,2024-01-03 01:46:59,NA,2581,39905620,43271635,"2024-01-03",1
14593,3,5354,2024-01-03 01:38:13,NA,3107,59171449,70128142,"2024-01-03",1
14591,3,4689,2024-01-03 01:21:25,NA,4115,87290729,94986485,"2024-01-03",1
14599,3,5217,2024-01-03 01:56:02,NA,2038,31720772,33156007,"2024-01-03",1
14594,3,8193,2024-01-03 01:34:18,NA,3342,152809379,218471907,"2024-01-03",1
14600,3,8170,2024-01-03 01:50:52,NA,2348,39441463,47130942,"2024-01-03",1
14597,3,8355,2024-01-03 01:43:57,NA,2763,23934242,27064967,"2024-01-03",1
14601,3,4080,2024-01-03 01:54:56,NA,2104,5929614,8241089,"2024-01-03",1
14589,3,9588,2024-01-03 01:14:39,NA,5121,87531468,101135175,"2024-01-03",1
14588,3,7007,2024-01-03 01:07:09,NA,5571,397690898,531642729,"2024-01-03",1
14595,3,7842,2024-01-03 01:46:20,NA,3220,93903415,107192207,"2024-01-03",1
14598,3,4116,2024-01-03 01:58:21,NA,2499,87783772,111115631,"2024-01-03",1
14590,3,8770,2024-01-03 01:16:59,NA,4981,49437456,55217946,"2024-01-03",1
14592,3,7046,2024-01-03 01:35:09,NA,3891,213965493,299999279,"2024-01-03",1
14596,3,4573,2024-01-03 01:46:59,NA,3181,70500231,83840249,"2024-01-03",1
14593,3,5354,2024-01-03 01:38:13,NA,3707,26187321,34344998,"2024-01-03",1
14591,3,4689,2024-01-03 01:21:25,NA,4715,109505218,134279642,"2024-01-03",1
14599,3,5217,2024-01-03 01:56:02,NA,2638,31937276,41196820,"2024-01-03",1
14594,3,8193,2024-01-03 01:34:18,NA,3942,209488493,273099539,"2024-01-03",1
14600,3,8170,2024-01-03 01:50:52,NA,2948,16667574,23431898,"2024-01-03",1
14597,3,8355,2024-01-03 01:43:57,NA,3363,4087418,4415567,"2024-01-03",1
14601,3,4080,2024-01-03 01:54:56,NA,2704,28795245,32814161,"2024-01-03",1
14589,3,9588,2024-01-03 01:14:39,NA,5721,140057588,148801130,"2024-01-03",1
14588,3,7007,2024-01-03 01:07:09,NA,6171,474296164,660519795,"2024-01-03",1
14595,3,7842,2024-01-03 01:46:20,NA,3820,17907034,22124238,"2024-01-03",1
14598,3,4116,2024-01-03 01:58:21,NA,3099,103816412,128033739,"2024-01-03",1
14590,3,8770,2024-01-03 01:16:59,NA,5581,83042151,90664632,"2024-01-03",1
14592,3,7046,2024-01-03 01:35:09,NA,4491,269048354,290209224,"2024-01-03",1
14596,3,4573,2024-01-03 01:46:59,NA,3781,38549423,39459801,"2024-01-03",1
14593,3,5354,2024-01-03 01:38:13,NA,4307,75360138,101314303,"2024-01-03",1
14591,3,4689,2024-01-03 01:21:25,NA,5315,95493091,132107864,"2024-01-03",1
14599,3,5217,2024-01-03 01:56:02,NA,3238,25030859,31517992,"2024-01-03",1
14594,3,8193,2024-01-03 01:34:18,NA,4542,203440966,292683647,"2024-01-03",1
14600,3,8170,2024-01-03 01:50:52,NA,3548,72079489,74088167,"2024-01-03",1
14597,3,8355,2024-01-03 01:43:57,NA,3963,6650296,6785705,"2024-01-03",1
14601,3,4080,2024-01-03 01:54:56,NA,3304,22103556,23553291,"2024-01-03",1
14589,3,9588,2024-01-03 01:14:39,NA,6321,95585937,135546140,"2024-01-03",1
14588,3,7007,2024-01-03 01:07:09,NA,6771,551183398,813230432,"2024-01-03",1
14595,3,7842,2024-01-03 01:46:20,NA,4420,38106773,38605429,"2024-01-03",1
14598,3,4116,2024-01-03 01:58:21,NA,3699,177521798,206551664,"2024-01-03",1
14590,3,8770,2024-01-03 01:16:59,NA,6181,110000496,129990169,"2024-01-03",1
14592,3,7046,2024-01-03 01:35:09,NA,5091,274506349,353720299,"2024-01-03",1
14596,3,4573,2024-01-03 01:46:59,NA,4381,66564299,72953206,"2024-01-03",1
14593,3,5354,2024-01-03 01:38:13,NA,4907,67112875,71111903,"2024-01-03",1
14591,3,4689,2024-01-03 01:21:25,NA,5915,124725865,131748340,"2024-01-03",1
14599,3,5217,2024-01-03 01:56:02,NA,3838,57044141,58931202,"2024-01-03",1
14594,3,8193,2024-01-03 01:34:18,NA,5142,257001870,304330560,"2024-01-03",1
14600,3,8170,2024-01-03 01:50:52,NA,4148,28905079,34309691,"2024-01-03",1
14597,3,8355,2024-01-03 01:43:57,NA,4563,39249220,42264235,"2024-01-03",1
14601,3,4080,2024-01-03 01:54:56,NA,3904,12615634,15487618,"2024-01-03",1
14589,3,9588,2024-01-03 01:14:39,NA,6921,161138132,175347057,"2024-01-03",1
14588,3,7007,2024-01-03 01:07:09,NA,7371,625859178,632902037,"2024-01-03",1
14595,3,7842,2024-01-03 01:46:20,NA,5020,17317029,18585706,"2024-01-03",1
14598,3,4116,2024-01-03 01:58:21,NA,4299,119072859,129577697,"2024-01-03",1
14590,3,8770,2024-01-03 01:16:59,NA,6781,118586508,124251597,"2024-01-03",1
14592,3,7046,2024-01-03 01:35:09,NA,5691,426689811,464389460,"2024-01-03",1
14596,3,4573,2024-01-03 01:46:59,NA,4981,97153820,138735911,"2024-01-03",1
14593,3,5354,2024-01-03 01:38:13,NA,5507,63362688,67092986,"2024-01-03",1
14591,3,4689,2024-01-03 01:21:25,NA,6515,135930406,136111129,"2024-01-03",1
14599,3,5217,2024-01-03 01:56:02,NA,4438,21832777,24847598,"2024-01-03",1
14594,3,8193,2024-01-03 01:34:18,NA,5742,215915314,228747024,"2024-01-03",1
14600,3,8170,2024-01-03 01:50:52,NA,4748,65431502,69414518,"2024-01-03",1
14597,3,8355,2024-01-03 01:43:57,NA,5163,19345090,25534560,"2024-01-03",1
14601,3,4080,2024-01-03 01:54:56,NA,4504,5145782,7113518,"2024-01-03",1
14589,3,9588,2024-01-03 01:14:39,NA,7521,121994355,157866801,"2024-01-03",1
14588,3,7007,2024-01-03 01:07:09,NA,7971,587559722,752802793,"2024-01-03",1
14595,3,7842,2024-01-03 01:46:20,NA,5620,45192268,57057882,"2024-01-03",1
14598,3,4116,2024-01-03 01:58:21,NA,4899,147426583,188287966,"2024-01-03",1
14590,3,8770,2024-01-03 01:16:59,NA,7381,80263230,83648606,"2024-01-03",1
14592,3,7046,2024-01-03 01:35:09,NA,6291,352699441,476910076,"2024-01-03",1
14596,3,4573,2024-01-03 01:46:59,NA,5581,40509658,45147323,"2024-01-03",1
14593,3,5354,2024-01-03 01:38:13,NA,6107,129781443,131032531,"2024-01-03",1
14591,3,4689,2024-01-03 01:21:25,NA,7115,152957028,154402500,"2024-01-03",1
14599,3,5217,2024-01-03 01:56:02,NA,5038,31195328,32305314,"2024-01-03",1
14594,3,8193,2024-01-03 01:34:18,NA,6342,226066352,271503690,"2024-01-03",1
14600,3,8170,2024-01-03 01:50:52,NA,5348,12871274,13339127,"2024-01-03",1
14597,3,8355,2024-01-03 01:43:57,NA,5763,16928607,21614763,"2024-01-03",1
14601,3,4080,2024-01-03 01:54:56,NA,5104,42635695,42842718,"2024-01-03",1
14589,3,9588,2024-01-03 01:14:39,NA,8121,186587977,227556843,"2024-01-03",1
14588,3,7007,2024-01-03 01:07:09,NA,8571,623651071,829252158,"2024-01-03",1
14595,3,7842,2024-01-03 01:46:20,NA,6220,127012738,131925738,"2024-01-03",1
14598,3,4116,2024-01-03 01:58:21,NA,5499,302381157,312246786,"2024-01-03",1
14590,3,8770,2024-01-03 01:16:59,NA,7981,99323824,144699759,"2024-01-03",1
14592,3,7046,2024-01-03 01:35:09,NA,6891,386443414,462870086,"2024-01-03",1
14596,3,4573,2024-01-03 01:46:59,NA,6181,52921595,60265562,"2024-01-03",1
14593,3,5354,2024-01-03 01:38:13,NA,6707,111176828,120713485,"2024-01-03",1
14591,3,4689,2024-01-03 01:21:25,NA,7715,137526727,170170609,"2024-01-03",1
14599,3,5217,2024-01-03 01:56:02,NA,5638,58265285,72273405,"2024-01-03",1
14594,3,8193,2024-01-03 01:34:18,NA,6942,244977456,348371801,"2024-01-03",1
14600,3,8170,2024-01-03 01:50:52,NA,5948,118457409,152126606,"2024-01-03",1
14597,3,8355,2024-01-03 01:43:57,NA,6363,37973835,41256520,"2024-01-03",1
14601,3,4080,2024-01-03 01:54:56,NA,5704,42979479,52546051,"2024-01-03",1
14589,3,9588,2024-01-03 01:14:39,NA,8721,194447392,224629413,"2024-01-03",1
14588,3,7007,2024-01-03 01:07:09,NA,9171,759828499,866673903,"2024-01-03",1
14595,3,7842,2024-01-03 01:46:20,NA,6820,75803481,102674604,"2024-01-03",1
14598,3,4116,2024-01-03 01:58:21,NA,6099,246382895,259693670,"2024-01-03",1
14590,3,8770,2024-01-03 01:16:59,NA,8581,161511575,182865016,"2024-01-03",1
14592,3,7046,2024-01-03 01:35:09,NA,7491,427008156,603491211,"2024-01-03",1
14596,3,4573,2024-01-03 01:46:59,NA,6781,125689745,161001478,"2024-01-03",1
14593,3,5354,2024-01-03 01:38:13,NA,7307,55937191,72698811,"2024-01-03",1
14591,3,4689,2024-01-03 01:21:25,NA,8315,152113141,181268972,"2024-01-03",1
14599,3,5217,2024-01-03 01:56:02,NA,6238,19608887,25446204,"2024-01-03",1
14594,3,8193,2024-01-03 01:34:18,NA,7542,207974529,310684048,"2024-01-03",1
14600,3,8170,2024-01-03 01:50:52,NA,6548,91099352,117970376,"2024-01-03",1
14597,3,8355,2024-01-03 01:43:57,NA,6963,44814386,48038978,"2024-01-03",1
14601,3,4080,2024-01-03 01:54:56,NA,6304,125349049,163622226,"2024-01-03",1
14589,3,9588,2024-01-03 01:14:39,NA,9321,170459469,246971335,"2024-01-03",1
14588,3,7007,2024-01-03 01:07:09,NA,9771,833350287,977538039,"2024-01-03",1
14595,3,7842,2024-01-03 01:46:20,NA,7420,32029025,42117733,"2024-01-03",1
14598,3,4116,2024-01-03 01:58:21,NA,6699,322496992,441904800,"2024-01-03",1
14590,3,8770,2024-01-03 01:16:59,NA,9181,78743245,79311570,"2024-01-03",1
14592,3,7046,2024-01-03 01:35:09,NA,8091,617933367,626670321,"2024-01-03",1
14596,3,4573,2024-01-03 01:46:59,NA,7381,112424098,164025961,"2024-01-03",1
14593,3,5354,2024-01-03 01:38:13,NA,7907,223718537,279559618,"2024-01-03",1
14591,3,4689,2024-01-03 01:21:25,NA,8915,161284895,183944705,"2024-01-03",1
14599,3,5217,2024-01-03 01:56:02,NA,6838,48792408,71191252,"2024-01-03",1
14594,3,8193,2024-01-03 01:34:18,NA,8142,368783445,413963635,"2024-01-03",1
14600,3,8170,2024-01-03 01:50:52,NA,7148,60097896,77971454,"2024-01-03",1
14597,3,8355,2024-01-03 01:43:57,NA,7563,14274027,15299637,"2024-01-03",1
14601,3,4080,2024-01-03 01:54:56,NA,6904,186734036,202448694,"2024-01-03",1
14589,3,9588,2024-01-03 01:14:39,NA,9921,185122627,267353175,"2024-01-03",1
14588,3,7007,2024-01-03 01:07:09,NA,10371,767394196,1064018377,"2024-01-03",1
14595,3,7842,2024-01-03 01:46:20,NA,8020,83490795,107037749,"2024-01-03",1
14598,3,4116,2024-01-03 01:58:21,NA,7299,242694150,357751377,"2024-01-03",1
14590,3,8770,2024-01-03 01:16:59,NA,9781,130008289,191077214,"2024-01-03",1
14592,3,7046,2024-01-03 01:35:09,NA,8691,680014116,693923180,"2024-01-03",1
14596,3,4573,2024-01-03 01:46:59,NA,7981,120333193,152804236,"2024-01-03",1
14593,3,5354,2024-01-03 01:38:13,NA,8507,111090426,124121816,"2024-01-03",1
14591,3,4689,2024-01-03 01:21:25,NA,9515,200697991,213080857,"2024-01-03",1
14599,3,5217,2024-01-03 01:56:02,NA,7438,56693781,61607185,"2024-01-03",1
14594,3,8193,2024-01-03 01:34:18,NA,8742,306136587,414378102,"2024-01-03",1
14600,3,8170,2024-01-03 01:50:52,NA,7748,34240277,47049724,"2024-01-03",1
14597,3,8355,2024-01-03 01:43:57,NA,8163,66630074,78350277,"2024-01-03",1
14601,3,4080,2024-01-03 01:54:56,NA,7504,118136488,129719019,"2024-01-03",1
14589,3,9588,2024-01-03 01:14:39,NA,10521,209149911,226299178,"2024-01-03",1
14588,3,7007,2024-01-03 01:07:09,NA,10971,940309483,1158600391,"2024-01-03",1
14595,3,7842,2024-01-03 01:46:20,NA,8620,45284737,64208153,"2024-01-03",1
14598,3,4116,2024-01-03 01:58:21,NA,7899,262332423,393190765,"2024-01-03",1
14590,3,8770,2024-01-03 01:16:59,NA,10381,83605859,110078824,"2024-01-03",1
14592,3,7046,2024-01-03 01:35:09,NA,9291,657393508,786817052,"2024-01-03",1
14596,3,4573,2024-01-03 01:46:59,NA,8581,77998172,83592077,"2024-01-03",1
14593,3,5354,2024-01-03 01:38:13,NA,9107,54545926,76615290,"2024-01-03",1
14591,3,4689,2024-01-03 01:21:25,NA,10115,184277828,221256351,"2024-01-03",1
14599,3,5217,2024-01-03 01:56:02,NA,8038,24841037,27056780,"2024-01-03",1
14594,3,8193,2024-01-03 01:34:18,NA,9342,249821991,291454620,"2024-01-03",1
14600,3,8170,2024-01-03 01:50:52,NA,8348,107508519,141240673,"2024-01-03",1
14597,3,8355,2024-01-03 01:43:57,NA,8763,15051111,18286161,"2024-01-03",1
14601,3,4080,2024-01-03 01:54:56,NA,8104,8270573,12398527,"2024-01-03",1
14589,3,9588,2024-01-03 01:14:39,NA,11121,304982923,362560077,"2024-01-03",1
14588,3,7007,2024-01-03 01:07:09,NA,11571,974126207,1216302110,"2024-01-03",1
14595,3,7842,2024-01-03 01:46:20,NA,9220,101112938,139373449,"2024-01-03",1
14598,3,4116,2024-01-03 01:58:21,NA,8499,246479992,323902754,"2024-01-03",1
14590,3,8770,2024-01-03 01:16:59,NA,10981,82764230,110116159,"2024-01-03",1
14592,3,7046,2024-01-03 01:35:09,NA,9891,614057071,624530932,"2024-01-03",1
14596,3,4573,2024-01-03 01:46:59,NA,9181,68318727,87528523,"2024-01-03",1
14593,3,5354,2024-01-03 01:38:13,NA,9707,113086142,113713822,"2024-01-03",1
14591,3,4689,2024-01-03 01:21:25,NA,10715,173756170,212886678,"2024-01-03",1
14599,3,5217,2024-01-03 01:56:02,NA,8638,22553337,28527750,"2024-01-03",1
14594,3,8193,2024-01-03 01:34:18,NA,9942,299706880,401790645,"2024-01-03",1
14600,3,8170,2024-01-03 01:50:52,NA,8948,25687953,31028674,"2024-01-03",1
14597,3,8355,2024-01-03 01:43:57,NA,9363,8017478,8180325,"2024-01-03",1
14601,3,4080,2024-01-03 01:54:56,NA,8704,61085142,70690691,"2024-01-03",1
14589,3,9588,2024-01-03 01:14:39,NA,11721,188565885,245903302,"2024-01-03",1
14588,3,7007,2024-01-03 01:07:09,NA,12171,1227217209,1450090134,"2024-01-03",1
14595,3,7842,2024-01-03 01:46:20,NA,9820,118920538,139178219,"2024-01-03",1
14598,3,4116,2024-01-03 01:58:21,NA,9099,393207334,426045336,"2024-01-03",1
14590,3,8770,2024-01-03 01:16:59,NA,11581,110894396,118539827,"2024-01-03",1
14592,3,7046,2024-01-03 01:35:09,NA,10491,601683161,716496982,"2024-01-03",1
14596,3,4573,2024-01-03 01:46:59,NA,9781,104029362,117997559,"2024-01-03",1
14593,3,5354,2024-01-03 01:38:13,NA,10307,173363365,250489817,"2024-01-03",1
14591,3,4689,2024-01-03 01:21:25,NA,11315,175782429,205081915,"2024-01-03",1
14599,3,5217,2024-01-03 01:56:02,NA,9238,45309887,53141061,"2024-01-03",1
14594,3,8193,2024-01-03 01:34:18,NA,10542,264240937,266418245,"2024-01-03",1
14600,3,8170,2024-01-03 01:50:52,NA,9548,38155904,40786357,"2024-01-03",1
14597,3,8355,2024-01-03 01:43:57,NA,9963,22264413,32081142,"2024-01-03",1
14601,3,4080,2024-01-03 01:54:56,NA,9304,130310473,164100679,"2024-01-03",1
14589,3,9588,2024-01-03 01:14:39,NA,12321,255640038,313826517,"2024-01-03",1
14588,3,7007,2024-01-03 01:07:09,NA,12771,917682749,1328047226,"2024-01-03",1
14595,3,7842,2024-01-03 01:46:20,NA,10420,41244775,48218929,"2024-01-03",1
14598,3,4116,2024-01-03 01:58:21,NA,9699,278775217,385822543,"2024-01-03",1
14590,3,8770,2024-01-03 01:16:59,NA,12181,162120186,177888855,"2024-01-03",1
14592,3,7046,2024-01-03 01:35:09,NA,11091,656899874,670510899,"2024-01-03",1
14596,3,4573,2024-01-03 01:46:59,NA,10381,89405897,115647820,"2024-01-03",1
14593,3,5354,2024-01-03 01:38:13,NA,10907,110690118,125438940,"2024-01-03",1
14591,3,4689,2024-01-03 01:21:25,NA,11915,165403556,221718526,"2024-01-03",1
14599,3,5217,2024-01-03 01:56:02,NA,9838,50070956,50719454,"2024-01-03",1
14594,3,8193,2024-01-03 01:34:18,NA,11142,283242990,384985291,"2024-01-03",1
14600,3,8170,2024-01-03 01:50:52,NA,10148,172603636,196061870,"2024-01-03",1
14597,3,8355,2024-01-03 01:43:57,NA,10563,10253577,12744329,"2024-01-03",1
14601,3,4080,2024-01-03 01:54:56,NA,9904,43131886,59918239,"2024-01-03",1
14589,3,9588,2024-01-03 01:14:39,NA,12921,219799525,326392798,"2024-01-03",1
14588,3,7007,2024-01-03 01:07:09,NA,13371,1126903188,1389889368,"2024-01-03",1
14595,3,7842,2024-01-03 01:46:20,NA,11020,118613705,167587731,"2024-01-03",1
14598,3,4116,2024-01-03 01:58:21,NA,10299,281525632,403523317,"2024-01-03",1
14590,3,8770,2024-01-03 01:16:59,NA,12781,211244699,255931082,"2024-01-03",1
14592,3,7046,2024-01-03 01:35:09,NA,11691,902297915,990033001,"2024-01-03",1
14596,3,4573,2024-01-03 01:46:59,NA,10981,186409661,190741157,"2024-01-03",1
14593,3,5354,2024-01-03 01:38:13,NA,11507,128695301,182402868,"2024-01-03",1
14591,3,4689,2024-01-03 01:21:25,NA,12515,181506334,221517656,"2024-01-03",1
14599,3,5217,2024-01-03 01:56:02,NA,10438,23497070,26066372,"2024-01-03",1
14594,3,8193,2024-01-03 01:34:18,NA,11742,243958516,362498599,"2024-01-03",1
14600,3,8170,2024-01-03 01:50:52,NA,10748,108456390,150126443,"2024-01-03",1
14597,3,8355,2024-01-03 01:43:57,NA,11163,7693619,9748763,"2024-01-03",1
14601,3,4080,2024-01-03 01:54:56,NA,10504,75342325,76125984,"2024-01-03",1
14589,3,9588,2024-01-03 01:14:39,NA,13521,233900729,307196801,"2024-01-03",1
14588,3,7007,2024-01-03 01:07:09,NA,13971,1097666256,1459737771,"2024-01-03",1
14595,3,7842,2024-01-03 01:46:20,NA,11620,49258372,65843326,"2024-01-03",1
14598,3,4116,2024-01-03 01:58:21,NA,10899,314533296,345461867,"2024-01-03",1
14590,3,8770,2024-01-03 01:16:59,NA,13381,167459128,230626465,"2024-01-03",1
14592,3,7046,2024-01-03 01:35:09,NA,12291,706948551,745478662,"2024-01-03",1
14596,3,4573,2024-01-03 01:46:59,NA,11581,44238280,48692658,"2024-01-03",1
14593,3,5354,2024-01-03 01:38:13,NA,12107,122784963,132441490,"2024-01-03",1
14591,3,4689,2024-01-03 01:21:25,NA,13115,180286875,254526542,"2024-01-03",1
14599,3,5217,2024-01-03 01:56:02,NA,11038,29711912,37683545,"2024-01-03",1
14594,3,8193,2024-01-03 01:34:18,NA,12342,396368227,519367291,"2024-01-03",1
14600,3,8170,2024-01-03 01:50:52,NA,11348,257505617,300286600,"2024-01-03",1
14597,3,8355,2024-01-03 01:43:57,NA,11763,28848363,41316758,"2024-01-03",1
14601,3,4080,2024-01-03 01:54:56,NA,11104,39692489,54043868,"2024-01-03",1
14589,3,9588,2024-01-03 01:14:39,NA,14121,261300598,344038972,"2024-01-03",1
14588,3,7007,2024-01-03 01:07:09,NA,14571,1248982338,1398929851,"2024-01-03",1
14595,3,7842,2024-01-03 01:46:20,NA,12220,148621118,184515646,"2024-01-03",1
14598,3,4116,2024-01-03 01:58:21,NA,11499,309732564,347448710,"2024-01-03",1
14590,3,8770,2024-01-03 01:16:59,NA,13981,139668394,164523304,"2024-01-03",1
14592,3,7046,2024-01-03 01:35:09,NA,12891,694075287,1030017399,"2024-01-03",1
14596,3,4573,2024-01-03 01:46:59,NA,12181,92769222,123789581,"2024-01-03",1
14593,3,5354,2024-01-03 01:38:13,NA,12707,102425309,114205717,"2024-01-03",1
14591,3,4689,2024-01-03 01:21:25,NA,13715,260760754,276397406,"2024-01-03",1
14599,3,5217,2024-01-03 01:56:02,NA,11638,33736043,43558763,"2024-01-03",1
14594,3,8193,2024-01-03 01:34:18,NA,12942,296205621,368871681,"2024-01-03",1
14600,3,8170,2024-01-03 01:50:52,NA,11948,130636213,177292036,"2024-01-03",1
14597,3,8355,2024-01-03 01:43:57,NA,12363,18018448,24081144,"2024-01-03",1
14601,3,4080,2024-01-03 01:54:56,NA,11704,48884453,70834517,"2024-01-03",1
14589,3,9588,2024-01-03 01:14:39,NA,14721,408502130,444572244,"2024-01-03",1
14588,3,7007,2024-01-03 01:07:09,NA,15171,1172529031,1451398573,"2024-01-03",1
14595,3,7842,2024-01-03 01:46:20,NA,12820,120535380,127924822,"2024-01-03",1
14598,3,4116,2024-01-03 01:58:21,NA,12099,422090282,451582723,"2024-01-03",1
14590,3,8770,2024-01-03 01:16:59,NA,14581,64487640,94081783,"2024-01-03",1
14592,3,7046,2024-01-03 01:35:09,NA,13491,798594935,1167736000,"2024-01-03",1
14596,3,4573,2024-01-03 01:46:59,NA,12781,181443425,204133655,"2024-01-03",1
14593,3,5354,2024-01-03 01:38:13,NA,13307,119506758,164649865,"2024-01-03",1
14591,3,4689,2024-01-03 01:21:25,NA,14315,196645588,279249805,"2024-01-03",1
14599,3,5217,2024-01-03 01:56:02,NA,12238,63930536,87894348,"2024-01-03",1
14594,3,8193,2024-01-03 01:34:18,NA,13542,392100275,445899689,"2024-01-03",1
14600,3,8170,2024-01-03 01:50:52,NA,12548,146205610,164679889,"2024-01-03",1
14597,3,8355,2024-01-03 01:43:57,NA,12963,50688546,58015415,"2024-01-03",1
14601,3,4080,2024-01-03 01:54:56,NA,12304,170190192,216258610,"2024-01-03",1
14589,3,9588,2024-01-03 01:14:39,NA,15321,244205077,324202856,"2024-01-03",1
14588,3,7007,2024-01-03 01:07:09,NA,15771,1287655612,1515503559,"2024-01-03",1
14595,3,7842,2024-01-03 01:46:20,NA,13420,153254764,197639246,"2024-01-03",1
14598,3,4116,2024-01-03 01:58:21,NA,12699,388902301,463049374,"2024-01-03",1
14590,3,8770,2024-01-03 01:16:59,NA,15181,116444799,144966331,"2024-01-03",1
14592,3,7046,2024-01-03 01:35:09,NA,14091,840905347,960265209,"2024-01-03",1
14596,3,4573,2024-01-03 01:46:59,NA,13381,136875397,138686881,"2024-01-03",1
14593,3,5354,2024-01-03 01:38:13,NA,13907,95900462,142814041,"2024-01-03",1
14591,3,4689,2024-01-03 01:21:25,NA,14915,226931999,331542188,"2024-01-03",1
14599,3,5217,2024-01-03 01:56:02,NA,12838,55100688,70221102,"2024-01-03",1
14594,3,8193,2024-01-03 01:34:18,NA,14142,412321475,458476442,"2024-01-03",1
14600,3,8170,2024-01-03 01:50:52,NA,13148,167461368,248313380,"2024-01-03",1
14597,3,8355,2024-01-03 01:43:57,NA,13563,52739344,54959576,"2024-01-03",1
14601,3,4080,2024-01-03 01:54:56,NA,12904,168670362,246920948,"2024-01-03",1
14589,3,9588,2024-01-03 01:14:39,NA,15921,260038697,371636203,"2024-01-03",1
14588,3,7007,2024-01-03 01:07:09,NA,16371,1469564311,1720304742,"2024-01-03",1
14595,3,7842,2024-01-03 01:46:20,NA,14020,78673980,102336962,"2024-01-03",1
14598,3,4116,2024-01-03 01:58:21,NA,13299,429855308,510661237,"2024-01-03",1
14590,3,8770,2024-01-03 01:16:59,NA,15781,130895522,143706120,"2024-01-03",1
14592,3,7046,2024-01-03 01:35:09,NA,14691,819744867,1133070152,"2024-01-03",1
14596,3,4573,2024-01-03 01:46:59,NA,13981,76095482,88327568,"2024-01-03",1
14593,3,5354,2024-01-03 01:38:13,NA,14507,127236913,142836622,"2024-01-03",1
14591,3,4689,2024-01-03 01:21:25,NA,15515,227753390,257701228,"2024-01-03",1
14599,3,5217,2024-01-03 01:56:02,NA,13438,29610412,32733816,"2024-01-03",1
14594,3,8193,2024-01-03 01:34:18,NA,14742,471079987,620359583,"2024-01-03",1
14600,3,8170,2024-01-03 01:50:52,NA,13748,50073021,75018277,"2024-01-03",1
14597,3,8355,2024-01-03 01:43:57,NA,14163,6040875,6157674,"2024-01-03",1
14601,3,4080,2024-01-03 01:54:56,NA,13504,147001825,185460996,"2024-01-03",1
14589,3,9588,2024-01-03 01:14:39,NA,16521,338816876,416584013,"2024-01-03",1
14588,3,7007,2024-01-03 01:07:09,NA,16971,1404775986,1659349320,"2024-01-03",1
14595,3,7842,2024-01-03 01:46:20,NA,14620,79280968,112653058,"2024-01-03",1
14598,3,4116,2024-01-03 01:58:21,NA,13899,423157215,447765770,"2024-01-03",1
14590,3,8770,2024-01-03 01:16:59,NA,16381,120936976,147572922,"2024-01-03",1
14592,3,7046,2024-01-03 01:35:09,NA,15291,935970685,1155130913,"2024-01-03",1
14596,3,4573,2024-01-03 01:46:59,NA,14581,107706006,119073985,"2024-01-03",1
14593,3,5354,2024-01-03 01:38:13,NA,15107,127741223,166532466,"2024-01-03",1
14591,3,4689,2024-01-03 01:21:25,NA,16115,231868808,263551873,"2024-01-03",1
14599,3,5217,2024-01-03 01:56:02,NA,14038,37160690,53619054,"2024-01-03",1
14594,3,8193,2024-01-03 01:34:18,NA,15342,258598069,379519378,"2024-01-03",1
14600,3,8170,2024-01-03 01:50:52,NA,14348,62352944,79239884,"2024-01-03",1
14597,3,8355,2024-01-03 01:43:57,NA,14763,7386374,10562395,"2024-01-03",1
14601,3,4080,2024-01-03 01:54:56,NA,14104,123995599,143165037,"2024-01-03",1
14589,3,9588,2024-01-03 01:14:39,NA,17121,248423000,340162004,"2024-01-03",1
14588,3,7007,2024-01-03 01:07:09,NA,17571,1301800048,1798233050,"2024-01-03",1
14595,3,7842,2024-01-03 01:46:20,NA,15220,143280022,148537834,"2024-01-03",1
14598,3,4116,2024-01-03 01:58:21,NA,14499,550107463,615896769,"2024-01-03",1
14590,3,8770,2024-01-03 01:16:59,NA,16981,125883503,147090180,"2024-01-03",1
14592,3,7046,2024-01-03 01:35:09,NA,15891,969581788,1293015604,"2024-01-03",1
14596,3,4573,2024-01-03 01:46:59,NA,15181,224101773,248257014,"2024-01-03",1
14593,3,5354,2024-01-03 01:38:13,NA,15707,175871806,239921665,"2024-01-03",1
14591,3,4689,2024-01-03 01:21:25,NA,16715,191411005,227534297,"2024-01-03",1
14599,3,5217,2024-01-03 01:56:02,NA,14638,61210858,70028960,"2024-01-03",1
14594,3,8193,2024-01-03 01:34:18,NA,15942,407754253,532215670,"2024-01-03",1
14600,3,8170,2024-01-03 01:50:52,NA,14948,34540221,35991070,"2024-01-03",1
14597,3,8355,2024-01-03 01:43:57,NA,15363,49348041,68735632,"2024-01-03",1
14601,3,4080,2024-01-03 01:54:56,NA,14704,76639190,78253515,"2024-01-03",1
14589,3,9588,2024-01-03 01:14:39,NA,17721,373682467,496780640,"2024-01-03",1
14588,3,7007,2024-01-03 01:07:09,NA,18171,1506180061,1631601634,"2024-01-03",1
14595,3,7842,2024-01-03 01:46:20,NA,15820,110587857,156968581,"2024-01-03",1
14598,3,4116,2024-01-03 01:58:21,NA,15099,338657261,455276319,"2024-01-03",1
14590,3,8770,2024-01-03 01:16:59,NA,17581,194838392,209227064,"2024-01-03",1
14592,3,7046,2024-01-03 01:35:09,NA,16491,925837834,1171602232,"2024-01-03",1
14596,3,4573,2024-01-03 01:46:59,NA,15781,70338740,84503119,"2024-01-03",1
14593,3,5354,2024-01-03 01:38:13,NA,16307,189375046,247344368,"2024-01-03",1
14591,3,4689,2024-01-03 01:21:25,NA,17315,196514847,294268910,"2024-01-03",1
14599,3,5217,2024-01-03 01:56:02,NA,15238,169817831,170943081,"2024-01-03",1
14594,3,8193,2024-01-03 01:34:18,NA,16542,279668084,369872441,"2024-01-03",1
14600,3,8170,2024-01-03 01:50:52,NA,15548,35141682,39456604,"2024-01-03",1
14597,3,8355,2024-01-03 01:43:57,NA,15963,18216781,25930933,"2024-01-03",1
14601,3,4080,2024-01-03 01:54:56,NA,15304,328373497,372237311,"2024-01-03",1
14589,3,9588,2024-01-03 01:14:39,NA,18321,487846585,625226192,"2024-01-03",1
14588,3,7007,2024-01-03 01:07:09,NA,18771,1584713492,1807974395,"2024-01-03",1
14595,3,7842,2024-01-03 01:46:20,NA,16420,130345008,195148112,"2024-01-03",1
14598,3,4116,2024-01-03 01:58:21,NA,15699,462158455,519658525,"2024-01-03",1
14590,3,8770,2024-01-03 01:16:59,NA,18181,260155795,280607984,"2024-01-03",1
14592,3,7046,2024-01-03 01:35:09,NA,17091,956319498,1230301609,"2024-01-03",1
14596,3,4573,2024-01-03 01:46:59,NA,16381,193718328,226940833,"2024-01-03",1
14593,3,5354,2024-01-03 01:38:13,NA,16907,87429114,97710100,"2024-01-03",1
14591,3,4689,2024-01-03 01:21:25,NA,17915,183007806,265906753,"2024-01-03",1
14599,3,5217,2024-01-03 01:56:02,NA,15838,107447987,135943956,"2024-01-03",1
14594,3,8193,2024-01-03 01:34:18,NA,17142,400805524,522972230,"2024-01-03",1
14600,3,8170,2024-01-03 01:50:52,"03-01-2024 09:13:37",15765,132751141,175058441,"2024-01-03",1
14597,3,8355,2024-01-03 01:43:57,NA,16563,44573957,62257034,"2024-01-03",1
14601,3,4080,2024-01-03 01:54:56,NA,15904,226962032,246499109,"2024-01-03",1
14589,3,9588,2024-01-03 01:14:39,NA,18921,443700819,537898519,"2024-01-03",1
14588,3,7007,2024-01-03 01:07:09,NA,19371,1665647288,2107209017,"2024-01-03",1
14595,3,7842,2024-01-03 01:46:20,NA,17020,143749366,182658118,"2024-01-03",1
14598,3,4116,2024-01-03 01:58:21,NA,16299,408999917,438736606,"2024-01-03",1
14590,3,8770,2024-01-03 01:16:59,NA,18781,130023038,144956052,"2024-01-03",1
14592,3,7046,2024-01-03 01:35:09,NA,17691,965011188,1243154579,"2024-01-03",1
14596,3,4573,2024-01-03 01:46:59,NA,16981,105308427,106818358,"2024-01-03",1
14593,3,5354,2024-01-03 01:38:13,NA,17507,102933748,140393494,"2024-01-03",1
14591,3,4689,2024-01-03 01:21:25,NA,18515,219174213,293410022,"2024-01-03",1
14599,3,5217,2024-01-03 01:56:02,NA,16438,151751566,201287545,"2024-01-03",1
14594,3,8193,2024-01-03 01:34:18,NA,17742,420588734,569858919,"2024-01-03",1
14597,3,8355,2024-01-03 01:43:57,NA,17163,32139123,32987777,"2024-01-03",1
14601,3,4080,2024-01-03 01:54:56,NA,16504,58732953,86272313,"2024-01-03",1
14589,3,9588,2024-01-03 01:14:39,NA,19521,275353062,364847790,"2024-01-03",1
14588,3,7007,2024-01-03 01:07:09,NA,19971,1811843251,1825731257,"2024-01-03",1
14595,3,7842,2024-01-03 01:46:20,NA,17620,97271249,109334452,"2024-01-03",1
14598,3,4116,2024-01-03 01:58:21,NA,16899,385906578,573803974,"2024-01-03",1
14590,3,8770,2024-01-03 01:16:59,NA,19381,290900625,345931928,"2024-01-03",1
14592,3,7046,2024-01-03 01:35:09,NA,18291,1105998780,1571707463,"2024-01-03",1
14596,3,4573,2024-01-03 01:46:59,NA,17581,69663285,73928009,"2024-01-03",1
14593,3,5354,2024-01-03 01:38:13,NA,18107,138594927,201474329,"2024-01-03",1
14591,3,4689,2024-01-03 01:21:25,NA,19115,193806723,239038350,"2024-01-03",1
14599,3,5217,2024-01-03 01:56:02,NA,17038,144870269,189957781,"2024-01-03",1
14594,3,8193,2024-01-03 01:34:18,NA,18342,289627166,295448750,"2024-01-03",1
14597,3,8355,2024-01-03 01:43:57,NA,17763,78081285,93789762,"2024-01-03",1
14601,3,4080,2024-01-03 01:54:56,NA,17104,195403789,215141619,"2024-01-03",1
14589,3,9588,2024-01-03 01:14:39,NA,20121,375091756,461403466,"2024-01-03",1
14588,3,7007,2024-01-03 01:07:09,NA,20571,1521364497,2181696313,"2024-01-03",1
14595,3,7842,2024-01-03 01:46:20,NA,18220,113170122,155016169,"2024-01-03",1
14598,3,4116,2024-01-03 01:58:21,NA,17499,603884110,701075590,"2024-01-03",1
14590,3,8770,2024-01-03 01:16:59,NA,19981,211853853,265701784,"2024-01-03",1
14592,3,7046,2024-01-03 01:35:09,NA,18891,1068737189,1285782563,"2024-01-03",1
14596,3,4573,2024-01-03 01:46:59,NA,18181,71646588,73275059,"2024-01-03",1
14593,3,5354,2024-01-03 01:38:13,NA,18707,242292581,262094710,"2024-01-03",1
14591,3,4689,2024-01-03 01:21:25,NA,19715,273110395,316708383,"2024-01-03",1
14599,3,5217,2024-01-03 01:56:02,NA,17638,75173112,101707135,"2024-01-03",1
14594,3,8193,2024-01-03 01:34:18,NA,18942,593006523,680726500,"2024-01-03",1
14597,3,8355,2024-01-03 01:43:57,NA,18363,32054315,42142592,"2024-01-03",1
14601,3,4080,2024-01-03 01:54:56,NA,17704,260624660,314470035,"2024-01-03",1
14589,3,9588,2024-01-03 01:14:39,NA,20721,440087075,645846766,"2024-01-03",1
14588,3,7007,2024-01-03 01:07:09,NA,21171,1696782133,2236847352,"2024-01-03",1
14595,3,7842,2024-01-03 01:46:20,NA,18820,113612427,133885225,"2024-01-03",1
14598,3,4116,2024-01-03 01:58:21,NA,18099,534486807,585929616,"2024-01-03",1
14590,3,8770,2024-01-03 01:16:59,NA,20581,281061076,320833188,"2024-01-03",1
14592,3,7046,2024-01-03 01:35:09,NA,19491,926746600,1348417946,"2024-01-03",1
14596,3,4573,2024-01-03 01:46:59,NA,18781,75638969,78187829,"2024-01-03",1
14593,3,5354,2024-01-03 01:38:13,NA,19307,176579817,205615060,"2024-01-03",1
14591,3,4689,2024-01-03 01:21:25,NA,20315,271311790,324651395,"2024-01-03",1
14599,3,5217,2024-01-03 01:56:02,"03-01-2024 09:51:21",17719,95286061,124995852,"2024-01-03",1
14594,3,8193,2024-01-03 01:34:18,NA,19542,528062593,790025571,"2024-01-03",1
14597,3,8355,2024-01-03 01:43:57,NA,18963,98807199,100538943,"2024-01-03",1
14601,3,4080,2024-01-03 01:54:56,NA,18304,167823300,190278389,"2024-01-03",1
14589,3,9588,2024-01-03 01:14:39,NA,21321,470347024,622500442,"2024-01-03",1
14588,3,7007,2024-01-03 01:07:09,NA,21771,1936621573,2249264297,"2024-01-03",1
14595,3,7842,2024-01-03 01:46:20,NA,19420,174658071,209372461,"2024-01-03",1
14598,3,4116,2024-01-03 01:58:21,NA,18699,545144516,790728349,"2024-01-03",1
14590,3,8770,2024-01-03 01:16:59,NA,21181,142976283,209448768,"2024-01-03",1
14592,3,7046,2024-01-03 01:35:09,NA,20091,1351722837,1403054455,"2024-01-03",1
14596,3,4573,2024-01-03 01:46:59,NA,19381,113207160,135614600,"2024-01-03",1
14593,3,5354,2024-01-03 01:38:13,NA,19907,242385754,294946709,"2024-01-03",1
14591,3,4689,2024-01-03 01:21:25,NA,20915,178515479,247261036,"2024-01-03",1
14594,3,8193,2024-01-03 01:34:18,NA,20142,539054600,598476043,"2024-01-03",1
14597,3,8355,2024-01-03 01:43:57,NA,19563,77025694,115307887,"2024-01-03",1
14601,3,4080,2024-01-03 01:54:56,NA,18904,67777091,91822104,"2024-01-03",1
14589,3,9588,2024-01-03 01:14:39,NA,21921,395753051,406314798,"2024-01-03",1
14588,3,7007,2024-01-03 01:07:09,NA,22371,1560420819,2024414432,"2024-01-03",1
14595,3,7842,2024-01-03 01:46:20,NA,20020,64179073,95128980,"2024-01-03",1
14598,3,4116,2024-01-03 01:58:21,NA,19299,468135476,604067742,"2024-01-03",1
14590,3,8770,2024-01-03 01:16:59,NA,21781,340632025,353864086,"2024-01-03",1
14592,3,7046,2024-01-03 01:35:09,NA,20691,1249891033,1387450233,"2024-01-03",1
14596,3,4573,2024-01-03 01:46:59,NA,19981,133354958,176085341,"2024-01-03",1
14593,3,5354,2024-01-03 01:38:13,NA,20507,233024933,279186724,"2024-01-03",1
14591,3,4689,2024-01-03 01:21:25,NA,21515,170922512,252503109,"2024-01-03",1
14594,3,8193,2024-01-03 01:34:18,NA,20742,478982704,481795197,"2024-01-03",1
14597,3,8355,2024-01-03 01:43:57,NA,20163,76458288,94020618,"2024-01-03",1
14601,3,4080,2024-01-03 01:54:56,NA,19504,317670914,457139308,"2024-01-03",1
14589,3,9588,2024-01-03 01:14:39,NA,22521,427574140,505820780,"2024-01-03",1
14588,3,7007,2024-01-03 01:07:09,NA,22971,1916652067,2102576262,"2024-01-03",1
14595,3,7842,2024-01-03 01:46:20,NA,20620,208554359,243557295,"2024-01-03",1
14598,3,4116,2024-01-03 01:58:21,NA,19899,498017572,592573840,"2024-01-03",1
14590,3,8770,2024-01-03 01:16:59,NA,22381,310282213,314502982,"2024-01-03",1
14592,3,7046,2024-01-03 01:35:09,NA,21291,1135280064,1498371310,"2024-01-03",1
14596,3,4573,2024-01-03 01:46:59,NA,20581,370613172,390583655,"2024-01-03",1
14593,3,5354,2024-01-03 01:38:13,NA,21107,223763990,283006497,"2024-01-03",1
14591,3,4689,2024-01-03 01:21:25,NA,22115,273714420,274061826,"2024-01-03",1
14594,3,8193,2024-01-03 01:34:18,NA,21342,420877111,503206142,"2024-01-03",1
14597,3,8355,2024-01-03 01:43:57,NA,20763,17254900,22362445,"2024-01-03",1
14601,3,4080,2024-01-03 01:54:56,NA,20104,342447090,421322125,"2024-01-03",1
14589,3,9588,2024-01-03 01:14:39,NA,23121,354224935,465445822,"2024-01-03",1
14588,3,7007,2024-01-03 01:07:09,NA,23571,1674426485,2261950254,"2024-01-03",1
14595,3,7842,2024-01-03 01:46:20,NA,21220,98725577,118073806,"2024-01-03",1
14598,3,4116,2024-01-03 01:58:21,NA,20499,669906277,765179177,"2024-01-03",1
14590,3,8770,2024-01-03 01:16:59,NA,22981,131856142,145849838,"2024-01-03",1
14592,3,7046,2024-01-03 01:35:09,NA,21891,1102535629,1516077707,"2024-01-03",1
14596,3,4573,2024-01-03 01:46:59,NA,21181,143182726,203369987,"2024-01-03",1
14593,3,5354,2024-01-03 01:38:13,NA,21707,214185371,230622594,"2024-01-03",1
14591,3,4689,2024-01-03 01:21:25,NA,22715,228083368,327323102,"2024-01-03",1
14594,3,8193,2024-01-03 01:34:18,NA,21942,498371403,533038431,"2024-01-03",1
14597,3,8355,2024-01-03 01:43:57,NA,21363,62586901,84776265,"2024-01-03",1
14601,3,4080,2024-01-03 01:54:56,NA,20704,82753062,115790493,"2024-01-03",1
14589,3,9588,2024-01-03 01:14:39,NA,23721,381233173,511606169,"2024-01-03",1
14588,3,7007,2024-01-03 01:07:09,NA,24171,1869415447,1883206196,"2024-01-03",1
14595,3,7842,2024-01-03 01:46:20,NA,21820,182965086,235478490,"2024-01-03",1
14598,3,4116,2024-01-03 01:58:21,NA,21099,899248624,1043286525,"2024-01-03",1
14590,3,8770,2024-01-03 01:16:59,NA,23581,244329393,336991907,"2024-01-03",1
14592,3,7046,2024-01-03 01:35:09,NA,22491,1284986251,1901540873,"2024-01-03",1
14596,3,4573,2024-01-03 01:46:59,NA,21781,278850946,389480373,"2024-01-03",1
14593,3,5354,2024-01-03 01:38:13,NA,22307,142653724,170139573,"2024-01-03",1
14591,3,4689,2024-01-03 01:21:25,NA,23315,222797236,259117083,"2024-01-03",1
14594,3,8193,2024-01-03 01:34:18,NA,22542,292653245,335058749,"2024-01-03",1
14597,3,8355,2024-01-03 01:43:57,NA,21963,36996114,51439865,"2024-01-03",1
14601,3,4080,2024-01-03 01:54:56,NA,21304,233889805,333307639,"2024-01-03",1
14589,3,9588,2024-01-03 01:14:39,NA,24321,342612091,498869218,"2024-01-03",1
14588,3,7007,2024-01-03 01:07:09,NA,24771,1825330786,1945885699,"2024-01-03",1
14595,3,7842,2024-01-03 01:46:20,NA,22420,66970637,82603211,"2024-01-03",1
14598,3,4116,2024-01-03 01:58:21,NA,21699,843131306,968836745,"2024-01-03",1
14590,3,8770,2024-01-03 01:16:59,NA,24181,401841232,444723072,"2024-01-03",1
14592,3,7046,2024-01-03 01:35:09,NA,23091,1202335550,1537597329,"2024-01-03",1
14596,3,4573,2024-01-03 01:46:59,NA,22381,232377853,249396712,"2024-01-03",1
14593,3,5354,2024-01-03 01:38:13,NA,22907,99135076,127789849,"2024-01-03",1
14591,3,4689,2024-01-03 01:21:25,NA,23915,198511796,274331840,"2024-01-03",1
14594,3,8193,2024-01-03 01:34:18,NA,23142,689436441,711021222,"2024-01-03",1
14597,3,8355,2024-01-03 01:43:57,NA,22563,85673825,122715906,"2024-01-03",1
14601,3,4080,2024-01-03 01:54:56,NA,21904,462108548,465335999,"2024-01-03",1
14589,3,9588,2024-01-03 01:14:39,NA,24921,620972067,822237238,"2024-01-03",1
14588,3,7007,2024-01-03 01:07:09,NA,25371,1614715368,2156504040,"2024-01-03",1
14595,3,7842,2024-01-03 01:46:20,NA,23020,121863163,171186623,"2024-01-03",1
14598,3,4116,2024-01-03 01:58:21,NA,22299,843174314,1073013950,"2024-01-03",1
14590,3,8770,2024-01-03 01:16:59,NA,24781,292716035,293362063,"2024-01-03",1
14592,3,7046,2024-01-03 01:35:09,NA,23691,1617311335,1976621086,"2024-01-03",1
14596,3,4573,2024-01-03 01:46:59,NA,22981,203271021,214709712,"2024-01-03",1
14593,3,5354,2024-01-03 01:38:13,NA,23507,103876857,121273008,"2024-01-03",1
14591,3,4689,2024-01-03 01:21:25,NA,24515,260293320,296717068,"2024-01-03",1
14594,3,8193,2024-01-03 01:34:18,NA,23742,300550600,358203382,"2024-01-03",1
14597,3,8355,2024-01-03 01:43:57,NA,23163,65577184,76694692,"2024-01-03",1
14601,3,4080,2024-01-03 01:54:56,NA,22504,163628976,204201288,"2024-01-03",1
14589,3,9588,2024-01-03 01:14:39,NA,25521,647885112,782952720,"2024-01-03",1
14588,3,7007,2024-01-03 01:07:09,NA,25971,1802663968,2615292400,"2024-01-03",1
14595,3,7842,2024-01-03 01:46:20,NA,23620,60892074,61508379,"2024-01-03",1
14598,3,4116,2024-01-03 01:58:21,NA,22899,733944486,750198238,"2024-01-03",1
14590,3,8770,2024-01-03 01:16:59,NA,25381,235757819,274123786,"2024-01-03",1
14592,3,7046,2024-01-03 01:35:09,NA,24291,1169274114,1603042340,"2024-01-03",1
14596,3,4573,2024-01-03 01:46:59,NA,23581,495747663,534339459,"2024-01-03",1
14593,3,5354,2024-01-03 01:38:13,NA,24107,330809831,379405136,"2024-01-03",1
14591,3,4689,2024-01-03 01:21:25,NA,25115,197004117,224854583,"2024-01-03",1
14594,3,8193,2024-01-03 01:34:18,NA,24342,658668206,706170584,"2024-01-03",1
14597,3,8355,2024-01-03 01:43:57,NA,23763,36018580,45091076,"2024-01-03",1
14601,3,4080,2024-01-03 01:54:56,NA,23104,206791686,226197023,"2024-01-03",1
14589,3,9588,2024-01-03 01:14:39,NA,26121,591040661,602546075,"2024-01-03",1
14588,3,7007,2024-01-03 01:07:09,NA,26571,1771446184,2198606993,"2024-01-03",1
14595,3,7842,2024-01-03 01:46:20,NA,24220,248134739,276594005,"2024-01-03",1
14598,3,4116,2024-01-03 01:58:21,NA,23499,1087239565,1112787081,"2024-01-03",1
14590,3,8770,2024-01-03 01:16:59,NA,25981,316241426,347969628,"2024-01-03",1
14592,3,7046,2024-01-03 01:35:09,NA,24891,1261265021,1782731363,"2024-01-03",1
14596,3,4573,2024-01-03 01:46:59,NA,24181,161000480,238553163,"2024-01-03",1
14593,3,5354,2024-01-03 01:38:13,NA,24707,284591760,355069297,"2024-01-03",1
14591,3,4689,2024-01-03 01:21:25,NA,25715,229445494,242654832,"2024-01-03",1
14594,3,8193,2024-01-03 01:34:18,NA,24942,401637051,478221705,"2024-01-03",1
14597,3,8355,2024-01-03 01:43:57,NA,24363,124743158,135206136,"2024-01-03",1
14601,3,4080,2024-01-03 01:54:56,NA,23704,445128118,666570602,"2024-01-03",1
14589,3,9588,2024-01-03 01:14:39,NA,26721,503733987,699748972,"2024-01-03",1
14588,3,7007,2024-01-03 01:07:09,NA,27171,2269384289,2544385590,"2024-01-03",1
14595,3,7842,2024-01-03 01:46:20,NA,24820,190910933,274657605,"2024-01-03",1
14598,3,4116,2024-01-03 01:58:21,NA,24099,966637476,1245889071,"2024-01-03",1
14590,3,8770,2024-01-03 01:16:59,NA,26581,446890293,598687278,"2024-01-03",1
14592,3,7046,2024-01-03 01:35:09,NA,25491,1361155656,1727640210,"2024-01-03",1
14596,3,4573,2024-01-03 01:46:59,NA,24781,171954029,178902036,"2024-01-03",1
14593,3,5354,2024-01-03 01:38:13,NA,25307,313490892,390860718,"2024-01-03",1
14591,3,4689,2024-01-03 01:21:25,NA,26315,223938184,226747543,"2024-01-03",1
14594,3,8193,2024-01-03 01:34:18,NA,25542,374330771,417365830,"2024-01-03",1
14597,3,8355,2024-01-03 01:43:57,NA,24963,42273517,42877854,"2024-01-03",1
14601,3,4080,2024-01-03 01:54:56,NA,24304,349673626,468851008,"2024-01-03",1
14589,3,9588,2024-01-03 01:14:39,NA,27321,508740706,561145373,"2024-01-03",1
14588,3,7007,2024-01-03 01:07:09,NA,27771,2237952227,2671772723,"2024-01-03",1
14595,3,7842,2024-01-03 01:46:20,NA,25420,281695351,349955266,"2024-01-03",1
14598,3,4116,2024-01-03 01:58:21,NA,24699,678899333,875789815,"2024-01-03",1
14590,3,8770,2024-01-03 01:16:59,NA,27181,321653173,329146175,"2024-01-03",1
14592,3,7046,2024-01-03 01:35:09,NA,26091,1750358364,2202441682,"2024-01-03",1
14596,3,4573,2024-01-03 01:46:59,NA,25381,297321564,305242359,"2024-01-03",1
14593,3,5354,2024-01-03 01:38:13,NA,25907,299559095,359633844,"2024-01-03",1
14591,3,4689,2024-01-03 01:21:25,NA,26915,256283612,342571037,"2024-01-03",1
14594,3,8193,2024-01-03 01:34:18,NA,26142,339374668,345580531,"2024-01-03",1
14597,3,8355,2024-01-03 01:43:57,NA,25563,60361544,86212013,"2024-01-03",1
14601,3,4080,2024-01-03 01:54:56,NA,24904,507255222,518324818,"2024-01-03",1
14589,3,9588,2024-01-03 01:14:39,NA,27921,501119750,698095227,"2024-01-03",1
14588,3,7007,2024-01-03 01:07:09,NA,28371,1813850875,2657876020,"2024-01-03",1
14595,3,7842,2024-01-03 01:46:20,NA,26020,213935213,228515722,"2024-01-03",1
14598,3,4116,2024-01-03 01:58:21,NA,25299,832831334,970575361,"2024-01-03",1
14590,3,8770,2024-01-03 01:16:59,NA,27781,189216768,279162807,"2024-01-03",1
14592,3,7046,2024-01-03 01:35:09,NA,26691,1587293656,2363700936,"2024-01-03",1
14596,3,4573,2024-01-03 01:46:59,NA,25981,136010601,187427706,"2024-01-03",1
14593,3,5354,2024-01-03 01:38:13,NA,26507,167913829,182322105,"2024-01-03",1
14591,3,4689,2024-01-03 01:21:25,NA,27515,200262256,263896843,"2024-01-03",1
14594,3,8193,2024-01-03 01:34:18,NA,26742,369830765,423324363,"2024-01-03",1
14597,3,8355,2024-01-03 01:43:57,NA,26163,23685907,29615374,"2024-01-03",1
14601,3,4080,2024-01-03 01:54:56,NA,25504,274143027,337385303,"2024-01-03",1
14589,3,9588,2024-01-03 01:14:39,NA,28521,580776666,631002638,"2024-01-03",1
14588,3,7007,2024-01-03 01:07:09,NA,28971,2177201677,2880868721,"2024-01-03",1
14595,3,7842,2024-01-03 01:46:20,NA,26620,324563949,433029521,"2024-01-03",1
14598,3,4116,2024-01-03 01:58:21,NA,25899,848739397,958657511,"2024-01-03",1
14590,3,8770,2024-01-03 01:16:59,NA,28381,337822176,432224873,"2024-01-03",1
14592,3,7046,2024-01-03 01:35:09,NA,27291,1967829539,2293039823,"2024-01-03",1
14596,3,4573,2024-01-03 01:46:59,NA,26581,218711392,318623060,"2024-01-03",1
14593,3,5354,2024-01-03 01:38:13,NA,27107,370762672,434166624,"2024-01-03",1
14591,3,4689,2024-01-03 01:21:25,NA,28115,268263278,306145302,"2024-01-03",1
14594,3,8193,2024-01-03 01:34:18,NA,27342,773776235,778634750,"2024-01-03",1
14597,3,8355,2024-01-03 01:43:57,NA,26763,27142150,31959306,"2024-01-03",1
14601,3,4080,2024-01-03 01:54:56,NA,26104,286987134,321488225,"2024-01-03",1
14589,3,9588,2024-01-03 01:14:39,NA,29121,507933311,606415438,"2024-01-03",1
14588,3,7007,2024-01-03 01:07:09,NA,29571,2119642224,2333757633,"2024-01-03",1
14595,3,7842,2024-01-03 01:46:20,NA,27220,95552449,142012401,"2024-01-03",1
14598,3,4116,2024-01-03 01:58:21,NA,26499,909657894,912513072,"2024-01-03",1
14590,3,8770,2024-01-03 01:16:59,NA,28981,271542978,360380520,"2024-01-03",1
14592,3,7046,2024-01-03 01:35:09,NA,27891,1361834786,1869299043,"2024-01-03",1
14596,3,4573,2024-01-03 01:46:59,NA,27181,317825551,452824313,"2024-01-03",1
14593,3,5354,2024-01-03 01:38:13,NA,27707,212190346,314603034,"2024-01-03",1
14591,3,4689,2024-01-03 01:21:25,NA,28715,194382410,273716204,"2024-01-03",1
14594,3,8193,2024-01-03 01:34:18,NA,27942,551042653,788843529,"2024-01-03",1
14597,3,8355,2024-01-03 01:43:57,NA,27363,36991686,42501491,"2024-01-03",1
14601,3,4080,2024-01-03 01:54:56,"03-01-2024 12:16:42",26506,504111949,717337841,"2024-01-03",1
14589,3,9588,2024-01-03 01:14:39,NA,29721,712363352,815775393,"2024-01-03",1
14588,3,7007,2024-01-03 01:07:09,NA,30171,1976100069,2862424283,"2024-01-03",1
14595,3,7842,2024-01-03 01:46:20,NA,27820,111959776,124570125,"2024-01-03",1
14598,3,4116,2024-01-03 01:58:21,NA,27099,1009519335,1193341286,"2024-01-03",1
14590,3,8770,2024-01-03 01:16:59,NA,29581,458171355,464700327,"2024-01-03",1
14592,3,7046,2024-01-03 01:35:09,NA,28491,1500364987,1743628715,"2024-01-03",1
14596,3,4573,2024-01-03 01:46:59,NA,27781,349409971,402963879,"2024-01-03",1
14593,3,5354,2024-01-03 01:38:13,NA,28307,281150917,336797962,"2024-01-03",1
14591,3,4689,2024-01-03 01:21:25,NA,29315,269172430,303269582,"2024-01-03",1
14594,3,8193,2024-01-03 01:34:18,NA,28542,604048886,901215695,"2024-01-03",1
14597,3,8355,2024-01-03 01:43:57,NA,27963,133131945,145201766,"2024-01-03",1
14589,3,9588,2024-01-03 01:14:39,NA,30321,628906197,927056447,"2024-01-03",1
14588,3,7007,2024-01-03 01:07:09,NA,30771,2412221859,2519601670,"2024-01-03",1
14595,3,7842,2024-01-03 01:46:20,NA,28420,77059546,83191131,"2024-01-03",1
14598,3,4116,2024-01-03 01:58:21,NA,27699,842584966,1157146916,"2024-01-03",1
14590,3,8770,2024-01-03 01:16:59,NA,30181,423374970,461424180,"2024-01-03",1
14592,3,7046,2024-01-03 01:35:09,NA,29091,1627995164,2392962753,"2024-01-03",1
14596,3,4573,2024-01-03 01:46:59,NA,28381,230387926,232172240,"2024-01-03",1
14593,3,5354,2024-01-03 01:38:13,NA,28907,152719125,171821544,"2024-01-03",1
14591,3,4689,2024-01-03 01:21:25,NA,29915,270917415,302783154,"2024-01-03",1
14594,3,8193,2024-01-03 01:34:18,NA,29142,372037054,486855431,"2024-01-03",1
14597,3,8355,2024-01-03 01:43:57,NA,28563,21856641,26539266,"2024-01-03",1
14589,3,9588,2024-01-03 01:14:39,NA,30921,578413300,728412286,"2024-01-03",1
14588,3,7007,2024-01-03 01:07:09,NA,31371,2117861670,2896410344,"2024-01-03",1
14595,3,7842,2024-01-03 01:46:20,NA,29020,188609905,258550218,"2024-01-03",1
14598,3,4116,2024-01-03 01:58:21,NA,28299,867944786,1233616820,"2024-01-03",1
14590,3,8770,2024-01-03 01:16:59,NA,30781,195271375,221782626,"2024-01-03",1
14592,3,7046,2024-01-03 01:35:09,NA,29691,1861040331,2077018191,"2024-01-03",1
14596,3,4573,2024-01-03 01:46:59,NA,28981,416476442,451861036,"2024-01-03",1
14593,3,5354,2024-01-03 01:38:13,NA,29507,264666515,371102642,"2024-01-03",1
14591,3,4689,2024-01-03 01:21:25,NA,30515,292838619,329824213,"2024-01-03",1
14594,3,8193,2024-01-03 01:34:18,NA,29742,315127191,366637450,"2024-01-03",1
14597,3,8355,2024-01-03 01:43:57,NA,29163,65695039,80670791,"2024-01-03",1
14589,3,9588,2024-01-03 01:14:39,NA,31521,767320674,1059093511,"2024-01-03",1
14588,3,7007,2024-01-03 01:07:09,NA,31971,2602866512,2724757322,"2024-01-03",1
14595,3,7842,2024-01-03 01:46:20,NA,29620,196611044,284269113,"2024-01-03",1
14598,3,4116,2024-01-03 01:58:21,NA,28899,805527922,948397889,"2024-01-03",1
14590,3,8770,2024-01-03 01:16:59,NA,31381,352902673,441790662,"2024-01-03",1
14592,3,7046,2024-01-03 01:35:09,NA,30291,1799168888,1870138086,"2024-01-03",1
14596,3,4573,2024-01-03 01:46:59,NA,29581,229784244,233345287,"2024-01-03",1
14593,3,5354,2024-01-03 01:38:13,NA,30107,402884556,424305049,"2024-01-03",1
14591,3,4689,2024-01-03 01:21:25,NA,31115,255842307,366513484,"2024-01-03",1
14594,3,8193,2024-01-03 01:34:18,NA,30342,330110326,375366736,"2024-01-03",1
14597,3,8355,2024-01-03 01:43:57,NA,29763,161943138,199036027,"2024-01-03",1
14589,3,9588,2024-01-03 01:14:39,NA,32121,750088123,750635385,"2024-01-03",1
14588,3,7007,2024-01-03 01:07:09,NA,32571,2583263230,3039894343,"2024-01-03",1
14595,3,7842,2024-01-03 01:46:20,NA,30220,221728115,324209699,"2024-01-03",1
14598,3,4116,2024-01-03 01:58:21,NA,29499,940722039,1316061383,"2024-01-03",1
14590,3,8770,2024-01-03 01:16:59,NA,31981,156516000,206213058,"2024-01-03",1
14592,3,7046,2024-01-03 01:35:09,NA,30891,2020242387,2406206649,"2024-01-03",1
14596,3,4573,2024-01-03 01:46:59,NA,30181,258258757,302686247,"2024-01-03",1
14593,3,5354,2024-01-03 01:38:13,NA,30707,344749457,407045764,"2024-01-03",1
14591,3,4689,2024-01-03 01:21:25,NA,31715,238123267,303612640,"2024-01-03",1
14594,3,8193,2024-01-03 01:34:18,NA,30942,319921682,468337784,"2024-01-03",1
14597,3,8355,2024-01-03 01:43:57,NA,30363,54414588,73730093,"2024-01-03",1
14589,3,9588,2024-01-03 01:14:39,NA,32721,532464369,669971798,"2024-01-03",1
14588,3,7007,2024-01-03 01:07:09,NA,33171,2611238575,2876370869,"2024-01-03",1
14595,3,7842,2024-01-03 01:46:20,NA,30820,304851288,440559344,"2024-01-03",1
14598,3,4116,2024-01-03 01:58:21,NA,30099,1201553851,1302730958,"2024-01-03",1
14590,3,8770,2024-01-03 01:16:59,NA,32581,428640638,438849806,"2024-01-03",1
14592,3,7046,2024-01-03 01:35:09,NA,31491,2009526808,2516721062,"2024-01-03",1
14596,3,4573,2024-01-03 01:46:59,NA,30781,201771746,254392801,"2024-01-03",1
14593,3,5354,2024-01-03 01:38:13,NA,31307,163253729,205922809,"2024-01-03",1
14591,3,4689,2024-01-03 01:21:25,NA,32315,218550578,255500473,"2024-01-03",1
14594,3,8193,2024-01-03 01:34:18,NA,31542,686018887,908423333,"2024-01-03",1
14597,3,8355,2024-01-03 01:43:57,NA,30963,83569829,117405665,"2024-01-03",1
14589,3,9588,2024-01-03 01:14:39,NA,33321,738152145,804089685,"2024-01-03",1
14588,3,7007,2024-01-03 01:07:09,NA,33771,2662661952,3514529878,"2024-01-03",1
14595,3,7842,2024-01-03 01:46:20,NA,31420,376232819,454097075,"2024-01-03",1
14598,3,4116,2024-01-03 01:58:21,NA,30699,1064374209,1590991737,"2024-01-03",1
14590,3,8770,2024-01-03 01:16:59,NA,33181,271500671,359743175,"2024-01-03",1
14592,3,7046,2024-01-03 01:35:09,NA,32091,1692840232,1932540276,"2024-01-03",1
14596,3,4573,2024-01-03 01:46:59,NA,31381,147038522,189510803,"2024-01-03",1
14593,3,5354,2024-01-03 01:38:13,NA,31907,242012577,259697182,"2024-01-03",1
14591,3,4689,2024-01-03 01:21:25,NA,32915,212947200,257320704,"2024-01-03",1
14594,3,8193,2024-01-03 01:34:18,NA,32142,462698996,613987361,"2024-01-03",1
14597,3,8355,2024-01-03 01:43:57,NA,31563,152271514,199538353,"2024-01-03",1
14589,3,9588,2024-01-03 01:14:39,NA,33921,883604386,1084186029,"2024-01-03",1
14588,3,7007,2024-01-03 01:07:09,NA,34371,2499091160,3035802315,"2024-01-03",1
14595,3,7842,2024-01-03 01:46:20,NA,32020,277293791,278959951,"2024-01-03",1
14598,3,4116,2024-01-03 01:58:21,NA,31299,980208342,1288208029,"2024-01-03",1
14590,3,8770,2024-01-03 01:16:59,NA,33781,135596560,193421163,"2024-01-03",1
14592,3,7046,2024-01-03 01:35:09,NA,32691,1695906947,2149612607,"2024-01-03",1
14596,3,4573,2024-01-03 01:46:59,NA,31981,298489106,436545373,"2024-01-03",1
14593,3,5354,2024-01-03 01:38:13,NA,32507,411608062,556793666,"2024-01-03",1
14591,3,4689,2024-01-03 01:21:25,NA,33515,214522379,267329966,"2024-01-03",1
14594,3,8193,2024-01-03 01:34:18,NA,32742,450099833,462121486,"2024-01-03",1
14597,3,8355,2024-01-03 01:43:57,NA,32163,72622695,99749738,"2024-01-03",1
14589,3,9588,2024-01-03 01:14:39,NA,34521,697316607,810658480,"2024-01-03",1
14588,3,7007,2024-01-03 01:07:09,NA,34971,2560817216,2927083627,"2024-01-03",1
14595,3,7842,2024-01-03 01:46:20,NA,32620,134936985,152512732,"2024-01-03",1
14598,3,4116,2024-01-03 01:58:21,NA,31899,1171202412,1267287795,"2024-01-03",1
14590,3,8770,2024-01-03 01:16:59,NA,34381,352671839,416111404,"2024-01-03",1
14592,3,7046,2024-01-03 01:35:09,NA,33291,1528402087,2143864771,"2024-01-03",1
14596,3,4573,2024-01-03 01:46:59,NA,32581,294315651,311716395,"2024-01-03",1
14593,3,5354,2024-01-03 01:38:13,NA,33107,112058473,149194635,"2024-01-03",1
14591,3,4689,2024-01-03 01:21:25,NA,34115,261212004,358900968,"2024-01-03",1
14594,3,8193,2024-01-03 01:34:18,NA,33342,341082636,396523076,"2024-01-03",1
14597,3,8355,2024-01-03 01:43:57,NA,32763,45073687,56860112,"2024-01-03",1
14589,3,9588,2024-01-03 01:14:39,NA,35121,921714521,1017312970,"2024-01-03",1
14588,3,7007,2024-01-03 01:07:09,NA,35571,2526596161,3428669231,"2024-01-03",1
14595,3,7842,2024-01-03 01:46:20,NA,33220,259348423,331534121,"2024-01-03",1
14598,3,4116,2024-01-03 01:58:21,NA,32499,1064364932,1325044840,"2024-01-03",1
14590,3,8770,2024-01-03 01:16:59,NA,34981,238355565,310871423,"2024-01-03",1
14592,3,7046,2024-01-03 01:35:09,NA,33891,2213206144,2365490941,"2024-01-03",1
14596,3,4573,2024-01-03 01:46:59,NA,33181,399346005,480378627,"2024-01-03",1
14593,3,5354,2024-01-03 01:38:13,NA,33707,245726289,280565439,"2024-01-03",1
14591,3,4689,2024-01-03 01:21:25,NA,34715,245618194,355935168,"2024-01-03",1
14594,3,8193,2024-01-03 01:34:18,NA,33942,488473735,527644825,"2024-01-03",1
14597,3,8355,2024-01-03 01:43:57,NA,33363,95063080,134998545,"2024-01-03",1
14589,3,9588,2024-01-03 01:14:39,NA,35721,716413451,988627579,"2024-01-03",1
14588,3,7007,2024-01-03 01:07:09,NA,36171,2734910805,2919237181,"2024-01-03",1
14595,3,7842,2024-01-03 01:46:20,NA,33820,273216596,364975300,"2024-01-03",1
14598,3,4116,2024-01-03 01:58:21,NA,33099,1327652753,1474422706,"2024-01-03",1
14590,3,8770,2024-01-03 01:16:59,NA,35581,145533888,196638081,"2024-01-03",1
14592,3,7046,2024-01-03 01:35:09,NA,34491,1890994257,1936773597,"2024-01-03",1
14596,3,4573,2024-01-03 01:46:59,NA,33781,412271921,554514408,"2024-01-03",1
14593,3,5354,2024-01-03 01:38:13,NA,34307,263622592,361639013,"2024-01-03",1
14591,3,4689,2024-01-03 01:21:25,NA,35315,338703047,384435088,"2024-01-03",1
14594,3,8193,2024-01-03 01:34:18,NA,34542,564022183,746392411,"2024-01-03",1
14597,3,8355,2024-01-03 01:43:57,NA,33963,66833855,88325181,"2024-01-03",1
14589,3,9588,2024-01-03 01:14:39,NA,36321,662741213,927134407,"2024-01-03",1
14588,3,7007,2024-01-03 01:07:09,NA,36771,2813160851,2885363916,"2024-01-03",1
14595,3,7842,2024-01-03 01:46:20,NA,34420,257016073,310472903,"2024-01-03",1
14598,3,4116,2024-01-03 01:58:21,NA,33699,1253111273,1347229145,"2024-01-03",1
14590,3,8770,2024-01-03 01:16:59,NA,36181,563787606,735402159,"2024-01-03",1
14592,3,7046,2024-01-03 01:35:09,NA,35091,1778726301,2132313545,"2024-01-03",1
14596,3,4573,2024-01-03 01:46:59,NA,34381,305973083,447797084,"2024-01-03",1
14593,3,5354,2024-01-03 01:38:13,NA,34907,169507021,244313717,"2024-01-03",1
14591,3,4689,2024-01-03 01:21:25,NA,35915,181593255,244910019,"2024-01-03",1
14594,3,8193,2024-01-03 01:34:18,NA,35142,624317370,739838174,"2024-01-03",1
14597,3,8355,2024-01-03 01:43:57,NA,34563,102866876,118210881,"2024-01-03",1
14589,3,9588,2024-01-03 01:14:39,NA,36921,759801085,899265742,"2024-01-03",1
14588,3,7007,2024-01-03 01:07:09,NA,37371,2933901241,3724617586,"2024-01-03",1
14595,3,7842,2024-01-03 01:46:20,NA,35020,306322342,428099101,"2024-01-03",1
14598,3,4116,2024-01-03 01:58:21,NA,34299,1116052531,1259699160,"2024-01-03",1
14590,3,8770,2024-01-03 01:16:59,NA,36781,170235630,199936203,"2024-01-03",1
14592,3,7046,2024-01-03 01:35:09,NA,35691,2047599126,2678518641,"2024-01-03",1
14596,3,4573,2024-01-03 01:46:59,NA,34981,345212769,411583153,"2024-01-03",1
14593,3,5354,2024-01-03 01:38:13,"03-01-2024 14:26:59",35326,126191969,144310657,"2024-01-03",1
14591,3,4689,2024-01-03 01:21:25,NA,36515,208823903,292527616,"2024-01-03",1
14594,3,8193,2024-01-03 01:34:18,NA,35742,376911748,564532076,"2024-01-03",1
14597,3,8355,2024-01-03 01:43:57,NA,35163,99647814,110679783,"2024-01-03",1
14589,3,9588,2024-01-03 01:14:39,NA,37521,765628802,802945092,"2024-01-03",1
14588,3,7007,2024-01-03 01:07:09,NA,37971,2831772563,3104064025,"2024-01-03",1
14595,3,7842,2024-01-03 01:46:20,NA,35620,433458286,508446499,"2024-01-03",1
14598,3,4116,2024-01-03 01:58:21,NA,34899,1219197697,1441521546,"2024-01-03",1
14590,3,8770,2024-01-03 01:16:59,NA,37381,463631691,659331446,"2024-01-03",1
14592,3,7046,2024-01-03 01:35:09,NA,36291,1859219343,2531027903,"2024-01-03",1
14596,3,4573,2024-01-03 01:46:59,NA,35581,544626915,791937705,"2024-01-03",1
14591,3,4689,2024-01-03 01:21:25,NA,37115,235640255,256399459,"2024-01-03",1
14594,3,8193,2024-01-03 01:34:18,NA,36342,495953466,738578716,"2024-01-03",1
14597,3,8355,2024-01-03 01:43:57,NA,35763,180741367,261337418,"2024-01-03",1
14589,3,9588,2024-01-03 01:14:39,NA,38121,564646817,724739035,"2024-01-03",1
14588,3,7007,2024-01-03 01:07:09,NA,38571,2457660775,3617646475,"2024-01-03",1
14595,3,7842,2024-01-03 01:46:20,NA,36220,159297910,204811771,"2024-01-03",1
14598,3,4116,2024-01-03 01:58:21,NA,35499,1215838376,1288581909,"2024-01-03",1
14590,3,8770,2024-01-03 01:16:59,NA,37981,342067628,357485094,"2024-01-03",1
14592,3,7046,2024-01-03 01:35:09,NA,36891,2474527758,3554163877,"2024-01-03",1
14596,3,4573,2024-01-03 01:46:59,NA,36181,427521553,521330834,"2024-01-03",1
14591,3,4689,2024-01-03 01:21:25,NA,37715,307122312,427405410,"2024-01-03",1
14594,3,8193,2024-01-03 01:34:18,NA,36942,559876814,585274073,"2024-01-03",1
14597,3,8355,2024-01-03 01:43:57,NA,36363,87871497,108080027,"2024-01-03",1
14589,3,9588,2024-01-03 01:14:39,NA,38721,933469748,1132671211,"2024-01-03",1
14588,3,7007,2024-01-03 01:07:09,NA,39171,2822185408,2945665685,"2024-01-03",1
14595,3,7842,2024-01-03 01:46:20,NA,36820,517392554,563244002,"2024-01-03",1
14598,3,4116,2024-01-03 01:58:21,NA,36099,1315040427,1962351967,"2024-01-03",1
14590,3,8770,2024-01-03 01:16:59,NA,38581,315928972,370179825,"2024-01-03",1
14592,3,7046,2024-01-03 01:35:09,NA,37491,2088420158,2537403242,"2024-01-03",1
14596,3,4573,2024-01-03 01:46:59,NA,36781,441258542,491321295,"2024-01-03",1
14591,3,4689,2024-01-03 01:21:25,NA,38315,222128235,245354810,"2024-01-03",1
14594,3,8193,2024-01-03 01:34:18,NA,37542,864110087,1132458192,"2024-01-03",1
14597,3,8355,2024-01-03 01:43:57,NA,36963,42645835,58212204,"2024-01-03",1
14589,3,9588,2024-01-03 01:14:39,NA,39321,688386945,1001529808,"2024-01-03",1
14588,3,7007,2024-01-03 01:07:09,NA,39771,2831074760,3298940372,"2024-01-03",1
14595,3,7842,2024-01-03 01:46:20,NA,37420,430327414,567303229,"2024-01-03",1
14598,3,4116,2024-01-03 01:58:21,NA,36699,1650016316,1963052899,"2024-01-03",1
14590,3,8770,2024-01-03 01:16:59,NA,39181,165370560,245690948,"2024-01-03",1
14592,3,7046,2024-01-03 01:35:09,NA,38091,2495968699,2836467173,"2024-01-03",1
14596,3,4573,2024-01-03 01:46:59,NA,37381,642155086,801229258,"2024-01-03",1
14591,3,4689,2024-01-03 01:21:25,NA,38915,225670946,328780230,"2024-01-03",1
14594,3,8193,2024-01-03 01:34:18,NA,38142,501666244,537466029,"2024-01-03",1
14597,3,8355,2024-01-03 01:43:57,NA,37563,154235776,208178558,"2024-01-03",1
14589,3,9588,2024-01-03 01:14:39,NA,39921,656828149,956437192,"2024-01-03",1
14588,3,7007,2024-01-03 01:07:09,NA,40371,2917035987,3340538664,"2024-01-03",1
14595,3,7842,2024-01-03 01:46:20,NA,38020,387923312,443084262,"2024-01-03",1
14598,3,4116,2024-01-03 01:58:21,NA,37299,1542312814,1552587453,"2024-01-03",1
14590,3,8770,2024-01-03 01:16:59,NA,39781,216364376,221675206,"2024-01-03",1
14592,3,7046,2024-01-03 01:35:09,NA,38691,2256940956,2738455881,"2024-01-03",1
14596,3,4573,2024-01-03 01:46:59,NA,37981,415228832,601717428,"2024-01-03",1
14591,3,4689,2024-01-03 01:21:25,NA,39515,249128594,344640498,"2024-01-03",1
14594,3,8193,2024-01-03 01:34:18,NA,38742,423788148,614651442,"2024-01-03",1
14597,3,8355,2024-01-03 01:43:57,NA,38163,130383673,139222450,"2024-01-03",1
14589,3,9588,2024-01-03 01:14:39,NA,40521,593964550,771480328,"2024-01-03",1
14588,3,7007,2024-01-03 01:07:09,NA,40971,2933276730,3111862463,"2024-01-03",1
14595,3,7842,2024-01-03 01:46:20,NA,38620,398993322,463579479,"2024-01-03",1
14598,3,4116,2024-01-03 01:58:21,NA,37899,1585178304,1860051275,"2024-01-03",1
14590,3,8770,2024-01-03 01:16:59,NA,40381,401397407,549635299,"2024-01-03",1
14592,3,7046,2024-01-03 01:35:09,NA,39291,2142287266,2458908901,"2024-01-03",1
14596,3,4573,2024-01-03 01:46:59,NA,38581,730640981,904156171,"2024-01-03",1
14591,3,4689,2024-01-03 01:21:25,NA,40115,303287851,344360560,"2024-01-03",1
14594,3,8193,2024-01-03 01:34:18,NA,39342,799909522,1047967948,"2024-01-03",1
14597,3,8355,2024-01-03 01:43:57,NA,38763,135035297,202490801,"2024-01-03",1
14589,3,9588,2024-01-03 01:14:39,NA,41121,1032269374,1252056966,"2024-01-03",1
14588,3,7007,2024-01-03 01:07:09,NA,41571,3079017036,4086760096,"2024-01-03",1
14595,3,7842,2024-01-03 01:46:20,"03-01-2024 15:39:27",39187,234360376,330062125,"2024-01-03",1
14598,3,4116,2024-01-03 01:58:21,NA,38499,1638745320,2076453090,"2024-01-03",1
14590,3,8770,2024-01-03 01:16:59,NA,40981,456310281,469089668,"2024-01-03",1
14592,3,7046,2024-01-03 01:35:09,NA,39891,2004648923,2881624200,"2024-01-03",1
14596,3,4573,2024-01-03 01:46:59,NA,39181,425353758,556126618,"2024-01-03",1
14591,3,4689,2024-01-03 01:21:25,NA,40715,217046202,259477445,"2024-01-03",1
14594,3,8193,2024-01-03 01:34:18,NA,39942,957026635,1215240557,"2024-01-03",1
14597,3,8355,2024-01-03 01:43:57,NA,39363,47022155,56042396,"2024-01-03",1
14589,3,9588,2024-01-03 01:14:39,NA,41721,788732985,818209049,"2024-01-03",1
14588,3,7007,2024-01-03 01:07:09,NA,42171,2426015188,3321318930,"2024-01-03",1
14598,3,4116,2024-01-03 01:58:21,NA,39099,1266598371,1306303911,"2024-01-03",1
14590,3,8770,2024-01-03 01:16:59,NA,41581,291956529,393618728,"2024-01-03",1
14592,3,7046,2024-01-03 01:35:09,NA,40491,2269326378,2529426433,"2024-01-03",1
14596,3,4573,2024-01-03 01:46:59,NA,39781,301123102,387079182,"2024-01-03",1
14591,3,4689,2024-01-03 01:21:25,NA,41315,255643648,297320614,"2024-01-03",1
14594,3,8193,2024-01-03 01:34:18,NA,40542,726255906,1042461553,"2024-01-03",1
14597,3,8355,2024-01-03 01:43:57,NA,39963,139571320,189167254,"2024-01-03",1
14589,3,9588,2024-01-03 01:14:39,NA,42321,710357519,952872215,"2024-01-03",1
14588,3,7007,2024-01-03 01:07:09,NA,42771,2941379862,3230184924,"2024-01-03",1
14598,3,4116,2024-01-03 01:58:21,NA,39699,1272507390,1855558417,"2024-01-03",1
14590,3,8770,2024-01-03 01:16:59,NA,42181,293967667,438199290,"2024-01-03",1
14592,3,7046,2024-01-03 01:35:09,NA,41091,1964638911,2936772803,"2024-01-03",1
14596,3,4573,2024-01-03 01:46:59,NA,40381,562109015,654371364,"2024-01-03",1
14591,3,4689,2024-01-03 01:21:25,NA,41915,211272134,294727663,"2024-01-03",1
14594,3,8193,2024-01-03 01:34:18,NA,41142,883076901,1190548042,"2024-01-03",1
14597,3,8355,2024-01-03 01:43:57,NA,40563,138738271,141119191,"2024-01-03",1
14589,3,9588,2024-01-03 01:14:39,NA,42921,604279432,901290592,"2024-01-03",1
14588,3,7007,2024-01-03 01:07:09,NA,43371,2496959099,3649602780,"2024-01-03",1
14598,3,4116,2024-01-03 01:58:21,NA,40299,1655137642,1741274138,"2024-01-03",1
14590,3,8770,2024-01-03 01:16:59,NA,42781,631971090,905361402,"2024-01-03",1
14592,3,7046,2024-01-03 01:35:09,NA,41691,2350254445,2669404085,"2024-01-03",1
14596,3,4573,2024-01-03 01:46:59,NA,40981,738292227,897767052,"2024-01-03",1
14591,3,4689,2024-01-03 01:21:25,NA,42515,216706141,294359211,"2024-01-03",1
14594,3,8193,2024-01-03 01:34:18,NA,41742,696842879,841551369,"2024-01-03",1
14597,3,8355,2024-01-03 01:43:57,NA,41163,62722462,81809803,"2024-01-03",1
14589,3,9588,2024-01-03 01:14:39,NA,43521,677751578,838251980,"2024-01-03",1
14588,3,7007,2024-01-03 01:07:09,NA,43971,3028958147,3751554152,"2024-01-03",1
14598,3,4116,2024-01-03 01:58:21,NA,40899,1312683793,1941799334,"2024-01-03",1
14590,3,8770,2024-01-03 01:16:59,NA,43381,446836514,520709255,"2024-01-03",1
14592,3,7046,2024-01-03 01:35:09,NA,42291,2240779799,2518273424,"2024-01-03",1
14596,3,4573,2024-01-03 01:46:59,NA,41581,282156679,366708375,"2024-01-03",1
14591,3,4689,2024-01-03 01:21:25,NA,43115,232160511,243288858,"2024-01-03",1
14594,3,8193,2024-01-03 01:34:18,NA,42342,630940848,890039048,"2024-01-03",1
14597,3,8355,2024-01-03 01:43:57,NA,41763,79572652,113638032,"2024-01-03",1
14589,3,9588,2024-01-03 01:14:39,NA,44121,752153322,1007122447,"2024-01-03",1
14588,3,7007,2024-01-03 01:07:09,NA,44571,2565520414,3484792008,"2024-01-03",1
14598,3,4116,2024-01-03 01:58:21,NA,41499,1879358646,1892641562,"2024-01-03",1
14590,3,8770,2024-01-03 01:16:59,NA,43981,249300551,369636717,"2024-01-03",1
14592,3,7046,2024-01-03 01:35:09,NA,42891,1891271180,2804921696,"2024-01-03",1
14596,3,4573,2024-01-03 01:46:59,NA,42181,591290422,743282062,"2024-01-03",1
14591,3,4689,2024-01-03 01:21:25,NA,43715,394571086,410029476,"2024-01-03",1
14594,3,8193,2024-01-03 01:34:18,NA,42942,829570223,1089275007,"2024-01-03",1
14597,3,8355,2024-01-03 01:43:57,NA,42363,81553540,99595938,"2024-01-03",1
14589,3,9588,2024-01-03 01:14:39,"03-01-2024 16:30:24",44145,640803060,820983365,"2024-01-03",1
14588,3,7007,2024-01-03 01:07:09,NA,45171,3054413200,4160468515,"2024-01-03",1
14598,3,4116,2024-01-03 01:58:21,NA,42099,1845280430,1909886337,"2024-01-03",1
14590,3,8770,2024-01-03 01:16:59,NA,44581,308569638,371295646,"2024-01-03",1
14592,3,7046,2024-01-03 01:35:09,NA,43491,2632393100,3009113706,"2024-01-03",1
14596,3,4573,2024-01-03 01:46:59,NA,42781,613204390,862312309,"2024-01-03",1
14591,3,4689,2024-01-03 01:21:25,NA,44315,280824414,407568279,"2024-01-03",1
14594,3,8193,2024-01-03 01:34:18,NA,43542,961168045,1036346123,"2024-01-03",1
14597,3,8355,2024-01-03 01:43:57,NA,42963,39879528,41957897,"2024-01-03",1
14588,3,7007,2024-01-03 01:07:09,NA,45771,2839208930,4021989482,"2024-01-03",1
14598,3,4116,2024-01-03 01:58:21,NA,42699,1816612470,1823316719,"2024-01-03",1
14590,3,8770,2024-01-03 01:16:59,NA,45181,447153031,657721143,"2024-01-03",1
14592,3,7046,2024-01-03 01:35:09,NA,44091,2003206684,2486772285,"2024-01-03",1
14596,3,4573,2024-01-03 01:46:59,NA,43381,1087853646,1110901506,"2024-01-03",1
14591,3,4689,2024-01-03 01:21:25,NA,44915,318458728,430762834,"2024-01-03",1
14594,3,8193,2024-01-03 01:34:18,NA,44142,948523756,969113325,"2024-01-03",1
14597,3,8355,2024-01-03 01:43:57,NA,43563,140227440,201836635,"2024-01-03",1
14588,3,7007,2024-01-03 01:07:09,NA,46371,2982828268,3579831085,"2024-01-03",1
14598,3,4116,2024-01-03 01:58:21,NA,43299,1664971731,2130766288,"2024-01-03",1
14590,3,8770,2024-01-03 01:16:59,NA,45781,267785852,309627705,"2024-01-03",1
14592,3,7046,2024-01-03 01:35:09,NA,44691,2040633116,2211968937,"2024-01-03",1
14596,3,4573,2024-01-03 01:46:59,NA,43981,938046384,1397880964,"2024-01-03",1
14591,3,4689,2024-01-03 01:21:25,NA,45515,219229233,235154132,"2024-01-03",1
14594,3,8193,2024-01-03 01:34:18,NA,44742,1041098449,1124985825,"2024-01-03",1
14597,3,8355,2024-01-03 01:43:57,NA,44163,210695060,271933943,"2024-01-03",1
14588,3,7007,2024-01-03 01:07:09,NA,46971,2561952551,3691744711,"2024-01-03",1
14598,3,4116,2024-01-03 01:58:21,NA,43899,1527010897,1913975600,"2024-01-03",1
14590,3,8770,2024-01-03 01:16:59,NA,46381,320965838,433804954,"2024-01-03",1
14592,3,7046,2024-01-03 01:35:09,NA,45291,2658174792,2779384764,"2024-01-03",1
14596,3,4573,2024-01-03 01:46:59,NA,44581,807013604,963307124,"2024-01-03",1
14591,3,4689,2024-01-03 01:21:25,NA,46115,360316381,473296314,"2024-01-03",1
14594,3,8193,2024-01-03 01:34:18,NA,45342,829362039,1183383945,"2024-01-03",1
14597,3,8355,2024-01-03 01:43:57,NA,44763,224093572,297993676,"2024-01-03",1
14588,3,7007,2024-01-03 01:07:09,NA,47571,3103620271,3287540812,"2024-01-03",1
14598,3,4116,2024-01-03 01:58:21,NA,44499,2242892714,2366410087,"2024-01-03",1
14590,3,8770,2024-01-03 01:16:59,NA,46981,645346046,948018443,"2024-01-03",1
14592,3,7046,2024-01-03 01:35:09,NA,45891,2056695940,2659336182,"2024-01-03",1
14596,3,4573,2024-01-03 01:46:59,NA,45181,805722616,1174241475,"2024-01-03",1
14591,3,4689,2024-01-03 01:21:25,NA,46715,368949293,474201585,"2024-01-03",1
14594,3,8193,2024-01-03 01:34:18,NA,45942,1000684203,1080700801,"2024-01-03",1
14597,3,8355,2024-01-03 01:43:57,NA,45363,174736538,243088853,"2024-01-03",1
14588,3,7007,2024-01-03 01:07:09,NA,48171,2431560301,3571608669,"2024-01-03",1
14598,3,4116,2024-01-03 01:58:21,NA,45099,1700403749,2494032704,"2024-01-03",1
14590,3,8770,2024-01-03 01:16:59,NA,47581,438883864,470976168,"2024-01-03",1
14592,3,7046,2024-01-03 01:35:09,NA,46491,1971460605,2847032996,"2024-01-03",1
14596,3,4573,2024-01-03 01:46:59,NA,45781,958861430,1183166366,"2024-01-03",1
14591,3,4689,2024-01-03 01:21:25,NA,47315,332127053,362613921,"2024-01-03",1
14594,3,8193,2024-01-03 01:34:18,NA,46542,994993812,1258312298,"2024-01-03",1
14597,3,8355,2024-01-03 01:43:57,NA,45963,109557408,142350508,"2024-01-03",1
14588,3,7007,2024-01-03 01:07:09,NA,48771,2494514542,3460704750,"2024-01-03",1
14598,3,4116,2024-01-03 01:58:21,NA,45699,1845500165,1974683195,"2024-01-03",1
14590,3,8770,2024-01-03 01:16:59,NA,48181,243054044,349698173,"2024-01-03",1
14592,3,7046,2024-01-03 01:35:09,NA,47091,2238738387,2939797080,"2024-01-03",1
14596,3,4573,2024-01-03 01:46:59,NA,46381,883089237,1093852655,"2024-01-03",1
14591,3,4689,2024-01-03 01:21:25,NA,47915,397977353,436027749,"2024-01-03",1
14594,3,8193,2024-01-03 01:34:18,NA,47142,1654853316,1866574391,"2024-01-03",1
14597,3,8355,2024-01-03 01:43:57,NA,46563,194408754,247418495,"2024-01-03",1
14588,3,7007,2024-01-03 01:07:09,NA,49371,2838076174,3757503754,"2024-01-03",1
14598,3,4116,2024-01-03 01:58:21,NA,46299,2050942005,2927139090,"2024-01-03",1
14590,3,8770,2024-01-03 01:16:59,NA,48781,305160924,379190039,"2024-01-03",1
14592,3,7046,2024-01-03 01:35:09,NA,47691,2022161724,2734207332,"2024-01-03",1
14596,3,4573,2024-01-03 01:46:59,NA,46981,827441320,1072137532,"2024-01-03",1
14591,3,4689,2024-01-03 01:21:25,NA,48515,296700522,363764109,"2024-01-03",1
14594,3,8193,2024-01-03 01:34:18,NA,47742,1559848614,1709286813,"2024-01-03",1
14597,3,8355,2024-01-03 01:43:57,NA,47163,39059224,48385068,"2024-01-03",1
14588,3,7007,2024-01-03 01:07:09,NA,49971,2547219623,3747356255,"2024-01-03",1
14598,3,4116,2024-01-03 01:58:21,NA,46899,2389663796,2511343533,"2024-01-03",1
14590,3,8770,2024-01-03 01:16:59,NA,49381,263122162,283626281,"2024-01-03",1
14592,3,7046,2024-01-03 01:35:09,NA,48291,2358142299,3392299399,"2024-01-03",1
14596,3,4573,2024-01-03 01:46:59,NA,47581,673503469,836422339,"2024-01-03",1
14591,3,4689,2024-01-03 01:21:25,NA,49115,287942896,393338403,"2024-01-03",1
14594,3,8193,2024-01-03 01:34:18,NA,48342,1312881633,1869750095,"2024-01-03",1
14597,3,8355,2024-01-03 01:43:57,NA,47763,35877371,44498645,"2024-01-03",1
14588,3,7007,2024-01-03 01:07:09,NA,50571,2725371544,4039804949,"2024-01-03",1
14598,3,4116,2024-01-03 01:58:21,NA,47499,1984094485,2120307387,"2024-01-03",1
14590,3,8770,2024-01-03 01:16:59,NA,49981,234164363,279413629,"2024-01-03",1
14592,3,7046,2024-01-03 01:35:09,NA,48891,2695728897,3467561333,"2024-01-03",1
14596,3,4573,2024-01-03 01:46:59,NA,48181,848063363,1223300709,"2024-01-03",1
14591,3,4689,2024-01-03 01:21:25,NA,49715,400416014,580332485,"2024-01-03",1
14594,3,8193,2024-01-03 01:34:18,NA,48942,1717903991,2000785072,"2024-01-03",1
14597,3,8355,2024-01-03 01:43:57,NA,48363,229738990,294606044,"2024-01-03",1
14588,3,7007,2024-01-03 01:07:09,NA,51171,3146287901,3397674070,"2024-01-03",1
14598,3,4116,2024-01-03 01:58:21,NA,48099,2111845552,2492236249,"2024-01-03",1
14590,3,8770,2024-01-03 01:16:59,NA,50581,464556410,628840420,"2024-01-03",1
14592,3,7046,2024-01-03 01:35:09,NA,49491,2990028336,3242108417,"2024-01-03",1
14596,3,4573,2024-01-03 01:46:59,NA,48781,815262132,1060662627,"2024-01-03",1
14591,3,4689,2024-01-03 01:21:25,NA,50315,373744680,526496096,"2024-01-03",1
14594,3,8193,2024-01-03 01:34:18,NA,49542,1816895163,2128399655,"2024-01-03",1
14597,3,8355,2024-01-03 01:43:57,NA,48963,239687492,259458768,"2024-01-03",1
14588,3,7007,2024-01-03 01:07:09,NA,51771,2730096545,3615309057,"2024-01-03",1
14598,3,4116,2024-01-03 01:58:21,NA,48699,2199214131,2258358110,"2024-01-03",1
14590,3,8770,2024-01-03 01:16:59,NA,51181,257732744,264270533,"2024-01-03",1
14592,3,7046,2024-01-03 01:35:09,NA,50091,1952125311,2618388926,"2024-01-03",1
14596,3,4573,2024-01-03 01:46:59,NA,49381,516049177,728199736,"2024-01-03",1
14591,3,4689,2024-01-03 01:21:25,NA,50915,288842495,323468809,"2024-01-03",1
14594,3,8193,2024-01-03 01:34:18,NA,50142,2055235547,2262158268,"2024-01-03",1
14597,3,8355,2024-01-03 01:43:57,NA,49563,156977884,221889988,"2024-01-03",1
14588,3,7007,2024-01-03 01:07:09,NA,52371,2369403669,3362909474,"2024-01-03",1
14598,3,4116,2024-01-03 01:58:21,NA,49299,1962976950,1981642209,"2024-01-03",1
14590,3,8770,2024-01-03 01:16:59,NA,51781,533177932,645250987,"2024-01-03",1
14592,3,7046,2024-01-03 01:35:09,NA,50691,3144109084,3193823517,"2024-01-03",1
14596,3,4573,2024-01-03 01:46:59,NA,49981,1219554520,1225609759,"2024-01-03",1
14591,3,4689,2024-01-03 01:21:25,NA,51515,466043506,592295520,"2024-01-03",1
14594,3,8193,2024-01-03 01:34:18,NA,50742,1727910175,1737236667,"2024-01-03",1
14597,3,8355,2024-01-03 01:43:57,NA,50163,169861711,199337309,"2024-01-03",1
14588,3,7007,2024-01-03 01:07:09,NA,52971,3116639496,3398251813,"2024-01-03",1
14598,3,4116,2024-01-03 01:58:21,NA,49899,1926087037,2574753093,"2024-01-03",1
14590,3,8770,2024-01-03 01:16:59,NA,52381,763931799,1078917415,"2024-01-03",1
14592,3,7046,2024-01-03 01:35:09,NA,51291,3406072976,3546679227,"2024-01-03",1
14596,3,4573,2024-01-03 01:46:59,NA,50581,970200738,1046635049,"2024-01-03",1
14591,3,4689,2024-01-03 01:21:25,NA,52115,402667673,422496895,"2024-01-03",1
14594,3,8193,2024-01-03 01:34:18,NA,51342,1442222094,1906291333,"2024-01-03",1
14597,3,8355,2024-01-03 01:43:57,NA,50763,38880098,54369309,"2024-01-03",1
14588,3,7007,2024-01-03 01:07:09,NA,53571,3273176076,4059603138,"2024-01-03",1
14598,3,4116,2024-01-03 01:58:21,NA,50499,1930465514,2259594307,"2024-01-03",1
14590,3,8770,2024-01-03 01:16:59,NA,52981,450198652,490989245,"2024-01-03",1
14592,3,7046,2024-01-03 01:35:09,NA,51891,2508586495,2533784633,"2024-01-03",1
14596,3,4573,2024-01-03 01:46:59,NA,51181,1166183996,1250032593,"2024-01-03",1
14591,3,4689,2024-01-03 01:21:25,NA,52715,437674681,653352347,"2024-01-03",1
14594,3,8193,2024-01-03 01:34:18,NA,51942,1729635583,2192064541,"2024-01-03",1
14597,3,8355,2024-01-03 01:43:57,NA,51363,56485523,62579552,"2024-01-03",1
14588,3,7007,2024-01-03 01:07:09,NA,54171,3096884542,3329761152,"2024-01-03",1
14598,3,4116,2024-01-03 01:58:21,NA,51099,1981746075,2023130280,"2024-01-03",1
14590,3,8770,2024-01-03 01:16:59,NA,53581,733327190,757150445,"2024-01-03",1
14592,3,7046,2024-01-03 01:35:09,NA,52491,2820504293,3386790488,"2024-01-03",1
14596,3,4573,2024-01-03 01:46:59,NA,51781,850887855,1155252523,"2024-01-03",1
14591,3,4689,2024-01-03 01:21:25,NA,53315,486753973,618911524,"2024-01-03",1
14594,3,8193,2024-01-03 01:34:18,NA,52542,1585157469,1855487088,"2024-01-03",1
14597,3,8355,2024-01-03 01:43:57,NA,51963,142611355,156913083,"2024-01-03",1
14588,3,7007,2024-01-03 01:07:09,NA,54771,2743623056,4017042374,"2024-01-03",1
14598,3,4116,2024-01-03 01:58:21,NA,51699,1643281543,2333854308,"2024-01-03",1
14590,3,8770,2024-01-03 01:16:59,NA,54181,772863356,798399235,"2024-01-03",1
14592,3,7046,2024-01-03 01:35:09,NA,53091,3234165312,3778275532,"2024-01-03",1
14596,3,4573,2024-01-03 01:46:59,NA,52381,602703733,614150676,"2024-01-03",1
14591,3,4689,2024-01-03 01:21:25,NA,53915,362660707,401625353,"2024-01-03",1
14594,3,8193,2024-01-03 01:34:18,NA,53142,1379451830,2015622094,"2024-01-03",1
14597,3,8355,2024-01-03 01:43:57,NA,52563,222365985,273881400,"2024-01-03",1
14588,3,7007,2024-01-03 01:07:09,NA,55371,3095716034,3458531390,"2024-01-03",1
14598,3,4116,2024-01-03 01:58:21,NA,52299,1940508415,2173397567,"2024-01-03",1
14590,3,8770,2024-01-03 01:16:59,NA,54781,657099191,721049944,"2024-01-03",1
14592,3,7046,2024-01-03 01:35:09,NA,53691,2548899910,2642396010,"2024-01-03",1
14596,3,4573,2024-01-03 01:46:59,NA,52981,1311882257,1541901700,"2024-01-03",1
14591,3,4689,2024-01-03 01:21:25,NA,54515,446003091,646458912,"2024-01-03",1
14594,3,8193,2024-01-03 01:34:18,NA,53742,1904203615,2766878413,"2024-01-03",1
14597,3,8355,2024-01-03 01:43:57,NA,53163,103550404,129109318,"2024-01-03",1
14588,3,7007,2024-01-03 01:07:09,NA,55971,2915672891,3290245279,"2024-01-03",1
14598,3,4116,2024-01-03 01:58:21,NA,52899,2185178593,2271723673,"2024-01-03",1
14590,3,8770,2024-01-03 01:16:59,NA,55381,984738215,1009091766,"2024-01-03",1
14592,3,7046,2024-01-03 01:35:09,NA,54291,2454500455,2732566404,"2024-01-03",1
14596,3,4573,2024-01-03 01:46:59,NA,53581,769238125,917872257,"2024-01-03",1
14591,3,4689,2024-01-03 01:21:25,NA,55115,424769632,499694894,"2024-01-03",1
14594,3,8193,2024-01-03 01:34:18,NA,54342,1704148274,2014932356,"2024-01-03",1
14597,3,8355,2024-01-03 01:43:57,NA,53763,90930924,103925425,"2024-01-03",1
14588,3,7007,2024-01-03 01:07:09,NA,56571,3386312773,3588297694,"2024-01-03",1
14598,3,4116,2024-01-03 01:58:21,NA,53499,2912011508,3006622375,"2024-01-03",1
14590,3,8770,2024-01-03 01:16:59,NA,55981,326744441,382059775,"2024-01-03",1
14592,3,7046,2024-01-03 01:35:09,NA,54891,2460549199,2576542089,"2024-01-03",1
14596,3,4573,2024-01-03 01:46:59,NA,54181,1393645952,1757934658,"2024-01-03",1
14591,3,4689,2024-01-03 01:21:25,NA,55715,506072122,708508788,"2024-01-03",1
14594,3,8193,2024-01-03 01:34:18,NA,54942,1696573513,2043863850,"2024-01-03",1
14597,3,8355,2024-01-03 01:43:57,NA,54363,245857079,256145234,"2024-01-03",1
14588,3,7007,2024-01-03 01:07:09,NA,57171,2709197372,3693384912,"2024-01-03",1
14598,3,4116,2024-01-03 01:58:21,NA,54099,2570234434,3351989872,"2024-01-03",1
14590,3,8770,2024-01-03 01:16:59,NA,56581,633338006,927970264,"2024-01-03",1
14592,3,7046,2024-01-03 01:35:09,NA,55491,2062682821,3055938143,"2024-01-03",1
14596,3,4573,2024-01-03 01:46:59,NA,54781,1331022113,1614447195,"2024-01-03",1
14591,3,4689,2024-01-03 01:21:25,NA,56315,571206596,613284534,"2024-01-03",1
14594,3,8193,2024-01-03 01:34:18,NA,55542,2025084753,2238841083,"2024-01-03",1
14597,3,8355,2024-01-03 01:43:57,NA,54963,179177928,231397328,"2024-01-03",1
14588,3,7007,2024-01-03 01:07:09,NA,57771,3143176199,4224278778,"2024-01-03",1
14598,3,4116,2024-01-03 01:58:21,NA,54699,2335954927,3001852828,"2024-01-03",1
14590,3,8770,2024-01-03 01:16:59,NA,57181,330241374,440503685,"2024-01-03",1
14592,3,7046,2024-01-03 01:35:09,NA,56091,2311323634,2627987404,"2024-01-03",1
14596,3,4573,2024-01-03 01:46:59,NA,55381,696527302,851117487,"2024-01-03",1
14591,3,4689,2024-01-03 01:21:25,NA,56915,435919030,490120286,"2024-01-03",1
14594,3,8193,2024-01-03 01:34:18,NA,56142,2667804102,2838244857,"2024-01-03",1
14597,3,8355,2024-01-03 01:43:57,NA,55563,76221998,99324942,"2024-01-03",1
14588,3,7007,2024-01-03 01:07:09,NA,58371,2809817825,3244104977,"2024-01-03",1
14598,3,4116,2024-01-03 01:58:21,NA,55299,2178453815,3087731073,"2024-01-03",1
14590,3,8770,2024-01-03 01:16:59,NA,57781,340259637,345453112,"2024-01-03",1
14592,3,7046,2024-01-03 01:35:09,NA,56691,2290674681,3016504892,"2024-01-03",1
14596,3,4573,2024-01-03 01:46:59,NA,55981,1101756916,1461053745,"2024-01-03",1
14591,3,4689,2024-01-03 01:21:25,NA,57515,541340630,549822209,"2024-01-03",1
14594,3,8193,2024-01-03 01:34:18,NA,56742,2375718262,2768069806,"2024-01-03",1
14597,3,8355,2024-01-03 01:43:57,NA,56163,178493166,214971673,"2024-01-03",1
14588,3,7007,2024-01-03 01:07:09,NA,58971,3133232895,4569819120,"2024-01-03",1
14598,3,4116,2024-01-03 01:58:21,NA,55899,2172453712,2269845175,"2024-01-03",1
14590,3,8770,2024-01-03 01:16:59,NA,58381,458009558,572541821,"2024-01-03",1
14592,3,7046,2024-01-03 01:35:09,NA,57291,2394217999,2791491916,"2024-01-03",1
14596,3,4573,2024-01-03 01:46:59,NA,56581,876861180,1245749020,"2024-01-03",1
14591,3,4689,2024-01-03 01:21:25,NA,58115,482147312,522349503,"2024-01-03",1
14594,3,8193,2024-01-03 01:34:18,NA,57342,2289851697,2687010823,"2024-01-03",1
14597,3,8355,2024-01-03 01:43:57,NA,56763,282069598,328564394,"2024-01-03",1
14588,3,7007,2024-01-03 01:07:09,NA,59571,2803290326,3065058145,"2024-01-03",1
14598,3,4116,2024-01-03 01:58:21,NA,56499,1768981635,2469691208,"2024-01-03",1
14590,3,8770,2024-01-03 01:16:59,NA,58981,605392341,764106144,"2024-01-03",1
14592,3,7046,2024-01-03 01:35:09,NA,57891,2509529574,3412410926,"2024-01-03",1
14596,3,4573,2024-01-03 01:46:59,NA,57181,1443889227,1644059577,"2024-01-03",1
14591,3,4689,2024-01-03 01:21:25,NA,58715,504682138,716682215,"2024-01-03",1
14594,3,8193,2024-01-03 01:34:18,NA,57942,2236930934,3039907236,"2024-01-03",1
14597,3,8355,2024-01-03 01:43:57,NA,57363,41548387,62150571,"2024-01-03",1
14588,3,7007,2024-01-03 01:07:09,NA,60171,2572488593,3261754907,"2024-01-03",1
14598,3,4116,2024-01-03 01:58:21,NA,57099,2202876247,2936287348,"2024-01-03",1
14590,3,8770,2024-01-03 01:16:59,NA,59581,568244817,684852888,"2024-01-03",1
14592,3,7046,2024-01-03 01:35:09,NA,58491,2922976569,3631160802,"2024-01-03",1
14596,3,4573,2024-01-03 01:46:59,NA,57781,898680097,1068645965,"2024-01-03",1
14591,3,4689,2024-01-03 01:21:25,NA,59315,532657686,563882504,"2024-01-03",1
14594,3,8193,2024-01-03 01:34:18,NA,58542,1992477737,2499723432,"2024-01-03",1
14597,3,8355,2024-01-03 01:43:57,NA,57963,73261339,92388494,"2024-01-03",1
14588,3,7007,2024-01-03 01:07:09,"03-01-2024 20:57:16",60607,3177402237,4162268041,"2024-01-03",1
14598,3,4116,2024-01-03 01:58:21,NA,57699,2988149150,3403599690,"2024-01-03",1
14590,3,8770,2024-01-03 01:16:59,"03-01-2024 20:59:16",60137,751364713,992973698,"2024-01-03",1
14592,3,7046,2024-01-03 01:35:09,NA,59091,2792350672,2922279643,"2024-01-03",1
14596,3,4573,2024-01-03 01:46:59,NA,58381,1213279325,1292628843,"2024-01-03",1
14591,3,4689,2024-01-03 01:21:25,NA,59915,513098972,750790912,"2024-01-03",1
14594,3,8193,2024-01-03 01:34:18,NA,59142,2914866254,3338703585,"2024-01-03",1
14597,3,8355,2024-01-03 01:43:57,NA,58563,223189247,237145994,"2024-01-03",1
14598,3,4116,2024-01-03 01:58:21,NA,58299,2591855666,3293375724,"2024-01-03",1
14592,3,7046,2024-01-03 01:35:09,NA,59691,3139751787,3740275548,"2024-01-03",1
14596,3,4573,2024-01-03 01:46:59,NA,58981,1708568109,1743183298,"2024-01-03",1
14591,3,4689,2024-01-03 01:21:25,NA,60515,553167596,790569193,"2024-01-03",1
14594,3,8193,2024-01-03 01:34:18,NA,59742,2860748869,3858091029,"2024-01-03",1
14597,3,8355,2024-01-03 01:43:57,NA,59163,254784291,303443070,"2024-01-03",1
14598,3,4116,2024-01-03 01:58:21,NA,58899,3060776890,3324588725,"2024-01-03",1
14592,3,7046,2024-01-03 01:35:09,NA,60291,2805168263,2841983654,"2024-01-03",1
14596,3,4573,2024-01-03 01:46:59,NA,59581,1369979466,1611649120,"2024-01-03",1
14591,3,4689,2024-01-03 01:21:25,NA,61115,562702730,589964700,"2024-01-03",1
14594,3,8193,2024-01-03 01:34:18,NA,60342,2352582900,2386539836,"2024-01-03",1
14597,3,8355,2024-01-03 01:43:57,"03-01-2024 21:17:38",59621,334472613,479180217,"2024-01-03",1
14598,3,4116,2024-01-03 01:58:21,NA,59499,2711987372,2961795588,"2024-01-03",1
14592,3,7046,2024-01-03 01:35:09,"03-01-2024 21:21:37",60388,3613387185,4220056139,"2024-01-03",1
14596,3,4573,2024-01-03 01:46:59,NA,60181,1316987523,1958099640,"2024-01-03",1
14591,3,4689,2024-01-03 01:21:25,NA,61715,499857497,561472456,"2024-01-03",1
14594,3,8193,2024-01-03 01:34:18,NA,60942,2249963770,2650308108,"2024-01-03",1
14598,3,4116,2024-01-03 01:58:21,NA,60099,2841300784,3533037743,"2024-01-03",1
14596,3,4573,2024-01-03 01:46:59,NA,60781,1412573229,1894033520,"2024-01-03",1
14591,3,4689,2024-01-03 01:21:25,"03-01-2024 21:35:23",62038,604437785,795661798,"2024-01-03",1
14594,3,8193,2024-01-03 01:34:18,NA,61542,2721855598,3571182196,"2024-01-03",1
14598,3,4116,2024-01-03 01:58:21,NA,60699,2776956611,3339687624,"2024-01-03",1
14596,3,4573,2024-01-03 01:46:59,NA,61381,887868843,963724165,"2024-01-03",1
14594,3,8193,2024-01-03 01:34:18,NA,62142,2478672462,3165849271,"2024-01-03",1
14598,3,4116,2024-01-03 01:58:21,NA,61299,3020826514,3120190531,"2024-01-03",1
14596,3,4573,2024-01-03 01:46:59,NA,61981,1412015991,1722320925,"2024-01-03",1
14594,3,8193,2024-01-03 01:34:18,NA,62742,2456500214,3548914170,"2024-01-03",1
14598,3,4116,2024-01-03 01:58:21,NA,61899,2347906142,2777156977,"2024-01-03",1
14596,3,4573,2024-01-03 01:46:59,NA,62581,902682581,907357071,"2024-01-03",1
14594,3,8193,2024-01-03 01:34:18,NA,63342,3156654994,3928242129,"2024-01-03",1
14598,3,4116,2024-01-03 01:58:21,NA,62499,2010785872,2675577900,"2024-01-03",1
14596,3,4573,2024-01-03 01:46:59,NA,63181,1106767843,1170013619,"2024-01-03",1
14594,3,8193,2024-01-03 01:34:18,NA,63942,2752328726,3755615296,"2024-01-03",1
14598,3,4116,2024-01-03 01:58:21,NA,63099,2218318731,2836729854,"2024-01-03",1
14596,3,4573,2024-01-03 01:46:59,NA,63781,1218452495,1321632663,"2024-01-03",1
14594,3,8193,2024-01-03 01:34:18,NA,64542,3380193138,3448489222,"2024-01-03",1
14598,3,4116,2024-01-03 01:58:21,NA,63699,1991797487,2681589110,"2024-01-03",1
14596,3,4573,2024-01-03 01:46:59,NA,64381,1608102736,1682758770,"2024-01-03",1
14594,3,8193,2024-01-03 01:34:18,NA,65142,2399232009,3434142782,"2024-01-03",1
14598,3,4116,2024-01-03 01:58:21,NA,64299,2409117205,3244592168,"2024-01-03",1
14596,3,4573,2024-01-03 01:46:59,NA,64981,1066202560,1222106881,"2024-01-03",1
14594,3,8193,2024-01-03 01:34:18,NA,65742,2980437285,3769817476,"2024-01-03",1
14598,3,4116,2024-01-03 01:58:21,NA,64899,2645383295,3455250206,"2024-01-03",1
14596,3,4573,2024-01-03 01:46:59,NA,65581,761458960,1032904208,"2024-01-03",1
14594,3,8193,2024-01-03 01:34:18,"03-01-2024 22:52:42",65904,2387385934,3445163272,"2024-01-03",1
14598,3,4116,2024-01-03 01:58:21,NA,65499,2132413678,3154588731,"2024-01-03",1
14596,3,4573,2024-01-03 01:46:59,"03-01-2024 23:03:42",65803,1366849784,2023092136,"2024-01-03",1
14598,3,4116,2024-01-03 01:58:21,NA,66099,2925645094,3229070682,"2024-01-03",1
14598,3,4116,2024-01-03 01:58:21,NA,66699,2841302625,3474488817,"2024-01-03",1
14598,3,4116,2024-01-03 01:58:21,NA,67299,2829706636,3583123184,"2024-01-03",1
14598,3,4116,2024-01-03 01:58:21,NA,67899,2554570941,2635267657,"2024-01-03",1
14598,3,4116,2024-01-03 01:58:21,NA,68499,2436531149,3464446141,"2024-01-03",1
14598,3,4116,2024-01-03 01:58:21,NA,69099,2498447889,2499563426,"2024-01-03",1
14598,3,4116,2024-01-03 01:58:21,NA,69699,2620614804,3379795739,"2024-01-03",1
14598,3,4116,2024-01-03 01:58:21,"04-01-2024 00:21:38",69797,2240643948,2917273482,"2024-01-03",1
