"IdSession","IdPSX","IdSubscriber","StartSession","EndSession","Duartion","UpTx","DownTx","date","Hour"
14646,3,8958,2024-01-03 06:00:48,NA,552,28754741,35340753,"2024-01-03",6
14647,3,5902,2024-01-03 06:03:13,NA,407,17424461,17857920,"2024-01-03",6
14648,3,3830,2024-01-03 06:12:20,NA,460,29314562,32520946,"2024-01-03",6
14649,3,4723,2024-01-03 06:18:07,NA,113,525889,649185,"2024-01-03",6
14650,3,8170,2024-01-03 06:14:24,NA,336,7277003,10775490,"2024-01-03",6
14646,3,8958,2024-01-03 06:00:48,NA,1152,69061289,77290067,"2024-01-03",6
14647,3,5902,2024-01-03 06:03:13,NA,1007,57129892,62723060,"2024-01-03",6
14651,3,6962,2024-01-03 06:25:28,NA,272,3555387,4582546,"2024-01-03",6
14648,3,3830,2024-01-03 06:12:20,NA,1060,56260171,56283271,"2024-01-03",6
14649,3,4723,2024-01-03 06:18:07,NA,713,5611924,5671676,"2024-01-03",6
14650,3,8170,2024-01-03 06:14:24,NA,936,8529613,12369599,"2024-01-03",6
14646,3,8958,2024-01-03 06:00:48,NA,1752,91114118,128726178,"2024-01-03",6
14647,3,5902,2024-01-03 06:03:13,NA,1607,61887421,81601183,"2024-01-03",6
14652,3,7804,2024-01-03 06:28:02,NA,118,2403183,2602712,"2024-01-03",6
14653,3,7141,2024-01-03 06:39:44,NA,16,22292,22523,"2024-01-03",6
14654,3,9840,2024-01-03 06:31:33,NA,507,7517890,10866855,"2024-01-03",6
14651,3,6962,2024-01-03 06:25:28,NA,872,3299906,4203182,"2024-01-03",6
14648,3,3830,2024-01-03 06:12:20,NA,1660,69289158,100250267,"2024-01-03",6
14649,3,4723,2024-01-03 06:18:07,NA,1313,10878027,11283632,"2024-01-03",6
14650,3,8170,2024-01-03 06:14:24,NA,1536,15188298,17940971,"2024-01-03",6
14646,3,8958,2024-01-03 06:00:48,NA,2352,124489281,159603998,"2024-01-03",6
14647,3,5902,2024-01-03 06:03:13,NA,2207,120172152,122602700,"2024-01-03",6
14652,3,7804,2024-01-03 06:28:02,NA,718,13552356,19204153,"2024-01-03",6
14653,3,7141,2024-01-03 06:39:44,NA,616,2924463,3249193,"2024-01-03",6
14655,3,7595,2024-01-03 06:40:36,NA,564,14250972,17645004,"2024-01-03",6
14654,3,9840,2024-01-03 06:31:33,NA,1107,24885441,30856572,"2024-01-03",6
14656,3,6439,2024-01-03 06:44:52,NA,308,11967736,12999852,"2024-01-03",6
14651,3,6962,2024-01-03 06:25:28,NA,1472,5283047,7407188,"2024-01-03",6
14648,3,3830,2024-01-03 06:12:20,NA,2260,127345896,128613876,"2024-01-03",6
14657,3,8029,2024-01-03 06:46:52,NA,188,2213597,2380240,"2024-01-03",6
14658,3,6065,2024-01-03 06:45:12,NA,288,2301112,2638925,"2024-01-03",6
14649,3,4723,2024-01-03 06:18:07,NA,1913,20295661,22217705,"2024-01-03",6
14650,3,8170,2024-01-03 06:14:24,NA,2136,49994783,61675705,"2024-01-03",6
14646,3,8958,2024-01-03 06:00:48,NA,2952,165762349,190157505,"2024-01-03",6
14647,3,5902,2024-01-03 06:03:13,NA,2807,111033120,130623952,"2024-01-03",6
14659,3,4336,2024-01-03 06:47:36,NA,144,128629,145811,"2024-01-03",6
14652,3,7804,2024-01-03 06:28:02,NA,1318,29858665,39680596,"2024-01-03",6
14653,3,7141,2024-01-03 06:39:44,NA,1216,19113298,27668590,"2024-01-03",6
14655,3,7595,2024-01-03 06:40:36,NA,1164,15416459,21453960,"2024-01-03",6
14654,3,9840,2024-01-03 06:31:33,NA,1707,20156231,26805399,"2024-01-03",6
14656,3,6439,2024-01-03 06:44:52,NA,908,34486117,38251055,"2024-01-03",6
14651,3,6962,2024-01-03 06:25:28,NA,2072,11879329,13803939,"2024-01-03",6
14648,3,3830,2024-01-03 06:12:20,NA,2860,145497087,157740039,"2024-01-03",6
14657,3,8029,2024-01-03 06:46:52,NA,788,6138194,7517001,"2024-01-03",6
14658,3,6065,2024-01-03 06:45:12,NA,888,5259501,5490259,"2024-01-03",6
14660,3,5217,2024-01-03 06:52:08,NA,472,6650556,7192995,"2024-01-03",6
14649,3,4723,2024-01-03 06:18:07,NA,2513,12375905,16890562,"2024-01-03",6
14650,3,8170,2024-01-03 06:14:24,NA,2736,53890342,70817832,"2024-01-03",6
14646,3,8958,2024-01-03 06:00:48,NA,3552,209834917,294434633,"2024-01-03",6
14647,3,5902,2024-01-03 06:03:13,NA,3407,161790332,187821019,"2024-01-03",6
14659,3,4336,2024-01-03 06:47:36,NA,744,3199584,3998972,"2024-01-03",6
14652,3,7804,2024-01-03 06:28:02,NA,1918,37265471,52138831,"2024-01-03",6
14653,3,7141,2024-01-03 06:39:44,NA,1816,4120436,5446656,"2024-01-03",6
14655,3,7595,2024-01-03 06:40:36,NA,1764,6641919,8572778,"2024-01-03",6
14654,3,9840,2024-01-03 06:31:33,NA,2307,28455676,34334541,"2024-01-03",6
14656,3,6439,2024-01-03 06:44:52,NA,1508,53784534,59788447,"2024-01-03",6
14651,3,6962,2024-01-03 06:25:28,NA,2672,20406383,29849624,"2024-01-03",6
14648,3,3830,2024-01-03 06:12:20,NA,3460,206968089,207942326,"2024-01-03",6
14657,3,8029,2024-01-03 06:46:52,NA,1388,15519032,18334780,"2024-01-03",6
14658,3,6065,2024-01-03 06:45:12,NA,1488,7549701,8556560,"2024-01-03",6
14660,3,5217,2024-01-03 06:52:08,NA,1072,1789800,2526523,"2024-01-03",6
14649,3,4723,2024-01-03 06:18:07,NA,3113,35456118,51843449,"2024-01-03",6
14650,3,8170,2024-01-03 06:14:24,NA,3336,59831169,80502325,"2024-01-03",6
14646,3,8958,2024-01-03 06:00:48,NA,4152,201671267,274222387,"2024-01-03",6
14647,3,5902,2024-01-03 06:03:13,NA,4007,169006593,177526617,"2024-01-03",6
14659,3,4336,2024-01-03 06:47:36,NA,1344,7268853,8826646,"2024-01-03",6
14652,3,7804,2024-01-03 06:28:02,NA,2518,75100747,88438454,"2024-01-03",6
14653,3,7141,2024-01-03 06:39:44,NA,2416,37933512,46922868,"2024-01-03",6
14655,3,7595,2024-01-03 06:40:36,NA,2364,86913770,123461743,"2024-01-03",6
14654,3,9840,2024-01-03 06:31:33,NA,2907,20436528,20974254,"2024-01-03",6
14656,3,6439,2024-01-03 06:44:52,NA,2108,68133341,84576006,"2024-01-03",6
14651,3,6962,2024-01-03 06:25:28,NA,3272,20280387,29913416,"2024-01-03",6
14648,3,3830,2024-01-03 06:12:20,NA,4060,180292314,209178337,"2024-01-03",6
14657,3,8029,2024-01-03 06:46:52,NA,1988,18327449,26481246,"2024-01-03",6
14658,3,6065,2024-01-03 06:45:12,NA,2088,30468011,42517891,"2024-01-03",6
14660,3,5217,2024-01-03 06:52:08,NA,1672,10400357,14476965,"2024-01-03",6
14649,3,4723,2024-01-03 06:18:07,NA,3713,19900626,20155505,"2024-01-03",6
14650,3,8170,2024-01-03 06:14:24,NA,3936,52988243,66546450,"2024-01-03",6
14646,3,8958,2024-01-03 06:00:48,NA,4752,244954548,299331630,"2024-01-03",6
14647,3,5902,2024-01-03 06:03:13,NA,4607,161285120,241509195,"2024-01-03",6
14659,3,4336,2024-01-03 06:47:36,NA,1944,11352061,16924509,"2024-01-03",6
14652,3,7804,2024-01-03 06:28:02,NA,3118,49032994,60527050,"2024-01-03",6
14653,3,7141,2024-01-03 06:39:44,NA,3016,25623717,36008732,"2024-01-03",6
14655,3,7595,2024-01-03 06:40:36,NA,2964,24986323,28101712,"2024-01-03",6
14654,3,9840,2024-01-03 06:31:33,NA,3507,44114391,54072115,"2024-01-03",6
14656,3,6439,2024-01-03 06:44:52,NA,2708,82634593,121878135,"2024-01-03",6
14651,3,6962,2024-01-03 06:25:28,NA,3872,26063315,32666453,"2024-01-03",6
14648,3,3830,2024-01-03 06:12:20,NA,4660,234667459,264575394,"2024-01-03",6
14657,3,8029,2024-01-03 06:46:52,NA,2588,75686852,79589550,"2024-01-03",6
14658,3,6065,2024-01-03 06:45:12,NA,2688,16411754,23203055,"2024-01-03",6
14660,3,5217,2024-01-03 06:52:08,NA,2272,8492225,11523266,"2024-01-03",6
14649,3,4723,2024-01-03 06:18:07,NA,4313,28808806,31431826,"2024-01-03",6
14650,3,8170,2024-01-03 06:14:24,NA,4536,28711116,31724687,"2024-01-03",6
14646,3,8958,2024-01-03 06:00:48,NA,5352,291811571,348002977,"2024-01-03",6
14647,3,5902,2024-01-03 06:03:13,NA,5207,216897233,236584192,"2024-01-03",6
14659,3,4336,2024-01-03 06:47:36,NA,2544,15700200,16826678,"2024-01-03",6
14652,3,7804,2024-01-03 06:28:02,NA,3718,73444399,81098515,"2024-01-03",6
14653,3,7141,2024-01-03 06:39:44,NA,3616,108619366,133338883,"2024-01-03",6
14655,3,7595,2024-01-03 06:40:36,NA,3564,68270758,95879561,"2024-01-03",6
14654,3,9840,2024-01-03 06:31:33,NA,4107,70870365,95918862,"2024-01-03",6
14656,3,6439,2024-01-03 06:44:52,NA,3308,127238331,130612319,"2024-01-03",6
14651,3,6962,2024-01-03 06:25:28,NA,4472,39695849,55749240,"2024-01-03",6
14648,3,3830,2024-01-03 06:12:20,NA,5260,285801668,375184918,"2024-01-03",6
14657,3,8029,2024-01-03 06:46:52,NA,3188,25216992,35614370,"2024-01-03",6
14658,3,6065,2024-01-03 06:45:12,NA,3288,61724797,92255383,"2024-01-03",6
14660,3,5217,2024-01-03 06:52:08,NA,2872,18904062,25381909,"2024-01-03",6
14649,3,4723,2024-01-03 06:18:07,NA,4913,72214046,77183314,"2024-01-03",6
14650,3,8170,2024-01-03 06:14:24,NA,5136,127365838,165273068,"2024-01-03",6
14646,3,8958,2024-01-03 06:00:48,NA,5952,304658802,426125800,"2024-01-03",6
14647,3,5902,2024-01-03 06:03:13,NA,5807,241311985,315141864,"2024-01-03",6
14659,3,4336,2024-01-03 06:47:36,NA,3144,6361191,7967106,"2024-01-03",6
14652,3,7804,2024-01-03 06:28:02,NA,4318,104388529,146714302,"2024-01-03",6
14653,3,7141,2024-01-03 06:39:44,NA,4216,13797166,15871418,"2024-01-03",6
14655,3,7595,2024-01-03 06:40:36,NA,4164,81883028,114305573,"2024-01-03",6
14654,3,9840,2024-01-03 06:31:33,NA,4707,45473369,52845619,"2024-01-03",6
14656,3,6439,2024-01-03 06:44:52,NA,3908,156758893,186274319,"2024-01-03",6
14651,3,6962,2024-01-03 06:25:28,NA,5072,46132765,52192581,"2024-01-03",6
14648,3,3830,2024-01-03 06:12:20,NA,5860,293328887,399767819,"2024-01-03",6
14657,3,8029,2024-01-03 06:46:52,NA,3788,44575872,51957485,"2024-01-03",6
14658,3,6065,2024-01-03 06:45:12,NA,3888,31660614,46056169,"2024-01-03",6
14660,3,5217,2024-01-03 06:52:08,NA,3472,37883592,45968354,"2024-01-03",6
14649,3,4723,2024-01-03 06:18:07,NA,5513,18070593,26346403,"2024-01-03",6
14650,3,8170,2024-01-03 06:14:24,NA,5736,29511709,34927640,"2024-01-03",6
14646,3,8958,2024-01-03 06:00:48,NA,6552,384696159,414304288,"2024-01-03",6
14647,3,5902,2024-01-03 06:03:13,NA,6407,262305075,292765349,"2024-01-03",6
14659,3,4336,2024-01-03 06:47:36,NA,3744,3994146,4785205,"2024-01-03",6
14652,3,7804,2024-01-03 06:28:02,NA,4918,70557912,88295400,"2024-01-03",6
14653,3,7141,2024-01-03 06:39:44,NA,4816,109337178,120651418,"2024-01-03",6
14655,3,7595,2024-01-03 06:40:36,NA,4764,65853035,93696864,"2024-01-03",6
14654,3,9840,2024-01-03 06:31:33,NA,5307,41215512,44042983,"2024-01-03",6
14656,3,6439,2024-01-03 06:44:52,NA,4508,149173827,206108877,"2024-01-03",6
14651,3,6962,2024-01-03 06:25:28,NA,5672,94414836,113113789,"2024-01-03",6
14648,3,3830,2024-01-03 06:12:20,NA,6460,296564174,404540085,"2024-01-03",6
14657,3,8029,2024-01-03 06:46:52,NA,4388,31274202,37319838,"2024-01-03",6
14658,3,6065,2024-01-03 06:45:12,NA,4488,62331671,66434413,"2024-01-03",6
14660,3,5217,2024-01-03 06:52:08,NA,4072,33111266,39139335,"2024-01-03",6
14649,3,4723,2024-01-03 06:18:07,NA,6113,77959781,115094499,"2024-01-03",6
14650,3,8170,2024-01-03 06:14:24,NA,6336,65377968,94409879,"2024-01-03",6
14646,3,8958,2024-01-03 06:00:48,NA,7152,399148102,581503179,"2024-01-03",6
14647,3,5902,2024-01-03 06:03:13,NA,7007,315578296,403342184,"2024-01-03",6
14659,3,4336,2024-01-03 06:47:36,NA,4344,41291025,47242806,"2024-01-03",6
14652,3,7804,2024-01-03 06:28:02,NA,5518,103687184,149981760,"2024-01-03",6
14653,3,7141,2024-01-03 06:39:44,NA,5416,18491289,26603095,"2024-01-03",6
14655,3,7595,2024-01-03 06:40:36,NA,5364,97471772,106823677,"2024-01-03",6
14654,3,9840,2024-01-03 06:31:33,NA,5907,81416708,95838162,"2024-01-03",6
14656,3,6439,2024-01-03 06:44:52,NA,5108,211246358,224390549,"2024-01-03",6
14651,3,6962,2024-01-03 06:25:28,NA,6272,113281871,156904528,"2024-01-03",6
14648,3,3830,2024-01-03 06:12:20,NA,7060,297725328,411011223,"2024-01-03",6
14657,3,8029,2024-01-03 06:46:52,NA,4988,80564997,85903554,"2024-01-03",6
14658,3,6065,2024-01-03 06:45:12,NA,5088,75372093,97833235,"2024-01-03",6
14660,3,5217,2024-01-03 06:52:08,NA,4672,48046538,57700375,"2024-01-03",6
14649,3,4723,2024-01-03 06:18:07,NA,6713,49460387,56122829,"2024-01-03",6
14650,3,8170,2024-01-03 06:14:24,NA,6936,92217936,102027047,"2024-01-03",6
14646,3,8958,2024-01-03 06:00:48,NA,7752,410946043,458494507,"2024-01-03",6
14647,3,5902,2024-01-03 06:03:13,NA,7607,342189406,389318561,"2024-01-03",6
14659,3,4336,2024-01-03 06:47:36,NA,4944,64727118,68195733,"2024-01-03",6
14652,3,7804,2024-01-03 06:28:02,NA,6118,101414349,111248356,"2024-01-03",6
14653,3,7141,2024-01-03 06:39:44,NA,6016,68035103,79799947,"2024-01-03",6
14655,3,7595,2024-01-03 06:40:36,NA,5964,18541389,20604371,"2024-01-03",6
14654,3,9840,2024-01-03 06:31:33,NA,6507,40981839,55405899,"2024-01-03",6
14656,3,6439,2024-01-03 06:44:52,NA,5708,198100390,255398613,"2024-01-03",6
14651,3,6962,2024-01-03 06:25:28,NA,6872,87092743,125553049,"2024-01-03",6
14648,3,3830,2024-01-03 06:12:20,NA,7660,410243510,514182290,"2024-01-03",6
14657,3,8029,2024-01-03 06:46:52,NA,5588,85189227,106531574,"2024-01-03",6
14658,3,6065,2024-01-03 06:45:12,NA,5688,56867506,72404059,"2024-01-03",6
14660,3,5217,2024-01-03 06:52:08,NA,5272,28709842,30178276,"2024-01-03",6
14649,3,4723,2024-01-03 06:18:07,NA,7313,48367746,67369959,"2024-01-03",6
14650,3,8170,2024-01-03 06:14:24,NA,7536,75650857,92628577,"2024-01-03",6
14646,3,8958,2024-01-03 06:00:48,NA,8352,441996781,633747814,"2024-01-03",6
14647,3,5902,2024-01-03 06:03:13,NA,8207,337014528,363222273,"2024-01-03",6
14659,3,4336,2024-01-03 06:47:36,NA,5544,33702396,34195804,"2024-01-03",6
14652,3,7804,2024-01-03 06:28:02,NA,6718,102563114,142158485,"2024-01-03",6
14653,3,7141,2024-01-03 06:39:44,NA,6616,52463697,74886790,"2024-01-03",6
14655,3,7595,2024-01-03 06:40:36,NA,6564,162812233,169752474,"2024-01-03",6
14654,3,9840,2024-01-03 06:31:33,NA,7107,105447659,115288830,"2024-01-03",6
14656,3,6439,2024-01-03 06:44:52,NA,6308,195785532,282408283,"2024-01-03",6
14651,3,6962,2024-01-03 06:25:28,NA,7472,88531835,99077409,"2024-01-03",6
14648,3,3830,2024-01-03 06:12:20,"03-01-2024 11:28:36",8176,393825127,494547916,"2024-01-03",6
14657,3,8029,2024-01-03 06:46:52,NA,6188,81630352,110865604,"2024-01-03",6
14658,3,6065,2024-01-03 06:45:12,NA,6288,89972559,99560109,"2024-01-03",6
14660,3,5217,2024-01-03 06:52:08,NA,5872,70648724,77614778,"2024-01-03",6
14649,3,4723,2024-01-03 06:18:07,NA,7913,11184383,12772322,"2024-01-03",6
14650,3,8170,2024-01-03 06:14:24,NA,8136,76649606,79784457,"2024-01-03",6
14646,3,8958,2024-01-03 06:00:48,NA,8952,457993026,501448536,"2024-01-03",6
14647,3,5902,2024-01-03 06:03:13,NA,8807,374085542,461344415,"2024-01-03",6
14659,3,4336,2024-01-03 06:47:36,NA,6144,5871348,7126010,"2024-01-03",6
14652,3,7804,2024-01-03 06:28:02,NA,7318,135369875,143517538,"2024-01-03",6
14653,3,7141,2024-01-03 06:39:44,NA,7216,31004081,32736547,"2024-01-03",6
14655,3,7595,2024-01-03 06:40:36,NA,7164,97355339,133525542,"2024-01-03",6
14654,3,9840,2024-01-03 06:31:33,NA,7707,72235818,83948568,"2024-01-03",6
14656,3,6439,2024-01-03 06:44:52,NA,6908,231858347,266812876,"2024-01-03",6
14651,3,6962,2024-01-03 06:25:28,NA,8072,174301522,207021190,"2024-01-03",6
14657,3,8029,2024-01-03 06:46:52,NA,6788,84189913,124191697,"2024-01-03",6
14658,3,6065,2024-01-03 06:45:12,NA,6888,112253168,137301355,"2024-01-03",6
14660,3,5217,2024-01-03 06:52:08,NA,6472,41798260,49724650,"2024-01-03",6
14649,3,4723,2024-01-03 06:18:07,NA,8513,72080872,102992291,"2024-01-03",6
14650,3,8170,2024-01-03 06:14:24,NA,8736,111283062,150023109,"2024-01-03",6
14646,3,8958,2024-01-03 06:00:48,NA,9552,495743305,606111767,"2024-01-03",6
14647,3,5902,2024-01-03 06:03:13,NA,9407,346079455,500769965,"2024-01-03",6
14659,3,4336,2024-01-03 06:47:36,NA,6744,120751358,148182242,"2024-01-03",6
14652,3,7804,2024-01-03 06:28:02,NA,7918,115826432,161123477,"2024-01-03",6
14653,3,7141,2024-01-03 06:39:44,NA,7816,84272865,124037684,"2024-01-03",6
14655,3,7595,2024-01-03 06:40:36,NA,7764,30451068,42519511,"2024-01-03",6
14654,3,9840,2024-01-03 06:31:33,NA,8307,51628451,67325963,"2024-01-03",6
14656,3,6439,2024-01-03 06:44:52,NA,7508,260834934,262012230,"2024-01-03",6
14651,3,6962,2024-01-03 06:25:28,NA,8672,101703018,122782931,"2024-01-03",6
14657,3,8029,2024-01-03 06:46:52,NA,7388,24854060,27460736,"2024-01-03",6
14658,3,6065,2024-01-03 06:45:12,NA,7488,148765780,153620389,"2024-01-03",6
14660,3,5217,2024-01-03 06:52:08,NA,7072,22578558,25640457,"2024-01-03",6
14649,3,4723,2024-01-03 06:18:07,NA,9113,101484932,140419774,"2024-01-03",6
14650,3,8170,2024-01-03 06:14:24,NA,9336,150738706,214665645,"2024-01-03",6
14646,3,8958,2024-01-03 06:00:48,NA,10152,627910227,727908162,"2024-01-03",6
14647,3,5902,2024-01-03 06:03:13,NA,10007,483255849,500436851,"2024-01-03",6
14659,3,4336,2024-01-03 06:47:36,NA,7344,111140035,118040684,"2024-01-03",6
14652,3,7804,2024-01-03 06:28:02,NA,8518,159590354,227046622,"2024-01-03",6
14653,3,7141,2024-01-03 06:39:44,NA,8416,24041830,26436335,"2024-01-03",6
14655,3,7595,2024-01-03 06:40:36,NA,8364,40972840,58353850,"2024-01-03",6
14654,3,9840,2024-01-03 06:31:33,NA,8907,42289530,56261313,"2024-01-03",6
14656,3,6439,2024-01-03 06:44:52,NA,8108,224027180,315728498,"2024-01-03",6
14651,3,6962,2024-01-03 06:25:28,NA,9272,163321757,171690374,"2024-01-03",6
14657,3,8029,2024-01-03 06:46:52,NA,7988,105717055,138141845,"2024-01-03",6
14658,3,6065,2024-01-03 06:45:12,NA,8088,147485761,167872381,"2024-01-03",6
14660,3,5217,2024-01-03 06:52:08,NA,7672,9383789,10272369,"2024-01-03",6
14649,3,4723,2024-01-03 06:18:07,NA,9713,40107861,51479600,"2024-01-03",6
14650,3,8170,2024-01-03 06:14:24,NA,9936,107381936,110936135,"2024-01-03",6
14646,3,8958,2024-01-03 06:00:48,NA,10752,507445776,619899186,"2024-01-03",6
14647,3,5902,2024-01-03 06:03:13,NA,10607,429957596,620797857,"2024-01-03",6
14659,3,4336,2024-01-03 06:47:36,NA,7944,52502502,76290464,"2024-01-03",6
14652,3,7804,2024-01-03 06:28:02,NA,9118,146748694,179605111,"2024-01-03",6
14653,3,7141,2024-01-03 06:39:44,NA,9016,132722004,134265396,"2024-01-03",6
14655,3,7595,2024-01-03 06:40:36,NA,8964,42578339,49645847,"2024-01-03",6
14654,3,9840,2024-01-03 06:31:33,NA,9507,119930395,123303657,"2024-01-03",6
14656,3,6439,2024-01-03 06:44:52,NA,8708,269791519,324890835,"2024-01-03",6
14651,3,6962,2024-01-03 06:25:28,NA,9872,83692898,107966620,"2024-01-03",6
14657,3,8029,2024-01-03 06:46:52,NA,8588,105169672,155323916,"2024-01-03",6
14658,3,6065,2024-01-03 06:45:12,NA,8688,113681095,148174837,"2024-01-03",6
14660,3,5217,2024-01-03 06:52:08,NA,8272,14870422,17637656,"2024-01-03",6
14649,3,4723,2024-01-03 06:18:07,NA,10313,53481333,66743260,"2024-01-03",6
14650,3,8170,2024-01-03 06:14:24,NA,10536,105589982,135322212,"2024-01-03",6
14646,3,8958,2024-01-03 06:00:48,NA,11352,579551233,710911781,"2024-01-03",6
14647,3,5902,2024-01-03 06:03:13,NA,11207,450000712,551258370,"2024-01-03",6
14659,3,4336,2024-01-03 06:47:36,NA,8544,85563241,92895359,"2024-01-03",6
14652,3,7804,2024-01-03 06:28:02,NA,9718,229532861,267535917,"2024-01-03",6
14653,3,7141,2024-01-03 06:39:44,NA,9616,87394289,110512758,"2024-01-03",6
14655,3,7595,2024-01-03 06:40:36,NA,9564,143309490,156860925,"2024-01-03",6
14654,3,9840,2024-01-03 06:31:33,NA,10107,93729368,105436196,"2024-01-03",6
14656,3,6439,2024-01-03 06:44:52,NA,9308,261409384,346428892,"2024-01-03",6
14651,3,6962,2024-01-03 06:25:28,NA,10472,164495552,197406276,"2024-01-03",6
14657,3,8029,2024-01-03 06:46:52,NA,9188,69818035,100623091,"2024-01-03",6
14658,3,6065,2024-01-03 06:45:12,NA,9288,97419152,139514862,"2024-01-03",6
14660,3,5217,2024-01-03 06:52:08,NA,8872,54375782,62600597,"2024-01-03",6
14649,3,4723,2024-01-03 06:18:07,NA,10913,30689033,43251536,"2024-01-03",6
14650,3,8170,2024-01-03 06:14:24,NA,11136,57772583,80238435,"2024-01-03",6
14646,3,8958,2024-01-03 06:00:48,NA,11952,733804591,814755485,"2024-01-03",6
14647,3,5902,2024-01-03 06:03:13,NA,11807,558371568,712616750,"2024-01-03",6
14659,3,4336,2024-01-03 06:47:36,NA,9144,56865631,59257745,"2024-01-03",6
14652,3,7804,2024-01-03 06:28:02,NA,10318,188452008,279245476,"2024-01-03",6
14653,3,7141,2024-01-03 06:39:44,NA,10216,128651058,129970168,"2024-01-03",6
14655,3,7595,2024-01-03 06:40:36,NA,10164,36783535,39442091,"2024-01-03",6
14654,3,9840,2024-01-03 06:31:33,NA,10707,61399185,69778864,"2024-01-03",6
14656,3,6439,2024-01-03 06:44:52,NA,9908,224860590,326340243,"2024-01-03",6
14651,3,6962,2024-01-03 06:25:28,NA,11072,121804278,173711180,"2024-01-03",6
14657,3,8029,2024-01-03 06:46:52,NA,9788,148129437,150756809,"2024-01-03",6
14658,3,6065,2024-01-03 06:45:12,NA,9888,58804511,86521656,"2024-01-03",6
14660,3,5217,2024-01-03 06:52:08,NA,9472,70536357,103194934,"2024-01-03",6
14649,3,4723,2024-01-03 06:18:07,NA,11513,22747986,24423414,"2024-01-03",6
14650,3,8170,2024-01-03 06:14:24,NA,11736,86255430,127790684,"2024-01-03",6
14646,3,8958,2024-01-03 06:00:48,NA,12552,621811503,727938887,"2024-01-03",6
14647,3,5902,2024-01-03 06:03:13,NA,12407,515735583,526155218,"2024-01-03",6
14659,3,4336,2024-01-03 06:47:36,NA,9744,42351363,46954207,"2024-01-03",6
14652,3,7804,2024-01-03 06:28:02,NA,10918,223063401,298276803,"2024-01-03",6
14653,3,7141,2024-01-03 06:39:44,NA,10816,60150875,77019376,"2024-01-03",6
14655,3,7595,2024-01-03 06:40:36,NA,10764,53396011,74380171,"2024-01-03",6
14654,3,9840,2024-01-03 06:31:33,NA,11307,48485763,68494585,"2024-01-03",6
14656,3,6439,2024-01-03 06:44:52,NA,10508,254948370,289895946,"2024-01-03",6
14651,3,6962,2024-01-03 06:25:28,NA,11672,77073646,113910667,"2024-01-03",6
14657,3,8029,2024-01-03 06:46:52,NA,10388,111387489,143078782,"2024-01-03",6
14658,3,6065,2024-01-03 06:45:12,NA,10488,64009899,91533725,"2024-01-03",6
14660,3,5217,2024-01-03 06:52:08,NA,10072,65106442,75439172,"2024-01-03",6
14649,3,4723,2024-01-03 06:18:07,NA,12113,27647875,30804112,"2024-01-03",6
14650,3,8170,2024-01-03 06:14:24,NA,12336,195824624,269222977,"2024-01-03",6
14646,3,8958,2024-01-03 06:00:48,NA,13152,597776711,758286982,"2024-01-03",6
14647,3,5902,2024-01-03 06:03:13,NA,13007,572717806,592567889,"2024-01-03",6
14659,3,4336,2024-01-03 06:47:36,NA,10344,53643250,79448918,"2024-01-03",6
14652,3,7804,2024-01-03 06:28:02,NA,11518,239937753,297760857,"2024-01-03",6
14653,3,7141,2024-01-03 06:39:44,NA,11416,203668459,259171571,"2024-01-03",6
14655,3,7595,2024-01-03 06:40:36,NA,11364,95060261,111524293,"2024-01-03",6
14654,3,9840,2024-01-03 06:31:33,NA,11907,133367352,174392897,"2024-01-03",6
14656,3,6439,2024-01-03 06:44:52,NA,11108,355428876,377325966,"2024-01-03",6
14651,3,6962,2024-01-03 06:25:28,NA,12272,67352043,90020325,"2024-01-03",6
14657,3,8029,2024-01-03 06:46:52,"03-01-2024 12:46:49",10797,72058321,89004066,"2024-01-03",6
14658,3,6065,2024-01-03 06:45:12,NA,11088,172991931,214103459,"2024-01-03",6
14660,3,5217,2024-01-03 06:52:08,NA,10672,127970615,129566087,"2024-01-03",6
14649,3,4723,2024-01-03 06:18:07,NA,12713,61169611,70177489,"2024-01-03",6
14650,3,8170,2024-01-03 06:14:24,NA,12936,364173005,503341085,"2024-01-03",6
14646,3,8958,2024-01-03 06:00:48,NA,13752,603101441,816335773,"2024-01-03",6
14647,3,5902,2024-01-03 06:03:13,"03-01-2024 12:48:57",13544,599136750,717707551,"2024-01-03",6
14659,3,4336,2024-01-03 06:47:36,NA,10944,25047335,36875420,"2024-01-03",6
14652,3,7804,2024-01-03 06:28:02,NA,12118,280351138,328265316,"2024-01-03",6
14653,3,7141,2024-01-03 06:39:44,NA,12016,103945559,150474632,"2024-01-03",6
14655,3,7595,2024-01-03 06:40:36,NA,11964,374565926,408166990,"2024-01-03",6
14654,3,9840,2024-01-03 06:31:33,NA,12507,98434424,119796644,"2024-01-03",6
14656,3,6439,2024-01-03 06:44:52,NA,11708,257602705,376623481,"2024-01-03",6
14651,3,6962,2024-01-03 06:25:28,NA,12872,62538105,86680581,"2024-01-03",6
14658,3,6065,2024-01-03 06:45:12,NA,11688,90843696,101887790,"2024-01-03",6
14660,3,5217,2024-01-03 06:52:08,NA,11272,71316408,96190016,"2024-01-03",6
14649,3,4723,2024-01-03 06:18:07,NA,13313,109303829,113951676,"2024-01-03",6
14650,3,8170,2024-01-03 06:14:24,NA,13536,223174331,241829412,"2024-01-03",6
14646,3,8958,2024-01-03 06:00:48,NA,14352,896028461,922025462,"2024-01-03",6
14659,3,4336,2024-01-03 06:47:36,NA,11544,58224769,86789359,"2024-01-03",6
14652,3,7804,2024-01-03 06:28:02,NA,12718,213186170,246521457,"2024-01-03",6
14653,3,7141,2024-01-03 06:39:44,NA,12616,74055605,76543136,"2024-01-03",6
14655,3,7595,2024-01-03 06:40:36,NA,12564,296823604,398329753,"2024-01-03",6
14654,3,9840,2024-01-03 06:31:33,NA,13107,88449772,125083300,"2024-01-03",6
14656,3,6439,2024-01-03 06:44:52,NA,12308,279627286,304438152,"2024-01-03",6
14651,3,6962,2024-01-03 06:25:28,NA,13472,115204357,116616983,"2024-01-03",6
14658,3,6065,2024-01-03 06:45:12,NA,12288,42691422,61903982,"2024-01-03",6
14660,3,5217,2024-01-03 06:52:08,NA,11872,93142658,104661961,"2024-01-03",6
14649,3,4723,2024-01-03 06:18:07,NA,13913,169261219,209116645,"2024-01-03",6
14650,3,8170,2024-01-03 06:14:24,NA,14136,171269841,194246586,"2024-01-03",6
14646,3,8958,2024-01-03 06:00:48,NA,14952,848162699,942618661,"2024-01-03",6
14659,3,4336,2024-01-03 06:47:36,NA,12144,149282790,166622802,"2024-01-03",6
14652,3,7804,2024-01-03 06:28:02,NA,13318,244558752,332787436,"2024-01-03",6
14653,3,7141,2024-01-03 06:39:44,NA,13216,186587332,254031716,"2024-01-03",6
14655,3,7595,2024-01-03 06:40:36,NA,13164,307110662,312173760,"2024-01-03",6
14654,3,9840,2024-01-03 06:31:33,NA,13707,117357002,175988537,"2024-01-03",6
14656,3,6439,2024-01-03 06:44:52,NA,12908,304042374,350801254,"2024-01-03",6
14651,3,6962,2024-01-03 06:25:28,NA,14072,163839282,165571243,"2024-01-03",6
14658,3,6065,2024-01-03 06:45:12,NA,12888,130614228,133478058,"2024-01-03",6
14660,3,5217,2024-01-03 06:52:08,NA,12472,92406296,92691042,"2024-01-03",6
14649,3,4723,2024-01-03 06:18:07,NA,14513,91448021,128798254,"2024-01-03",6
14650,3,8170,2024-01-03 06:14:24,NA,14736,231463736,344229087,"2024-01-03",6
14646,3,8958,2024-01-03 06:00:48,NA,15552,793198542,850723497,"2024-01-03",6
14659,3,4336,2024-01-03 06:47:36,NA,12744,35021490,46307079,"2024-01-03",6
14652,3,7804,2024-01-03 06:28:02,NA,13918,279753832,287741795,"2024-01-03",6
14653,3,7141,2024-01-03 06:39:44,NA,13816,140235548,144005445,"2024-01-03",6
14655,3,7595,2024-01-03 06:40:36,NA,13764,131511621,144790349,"2024-01-03",6
14654,3,9840,2024-01-03 06:31:33,NA,14307,138294776,142366905,"2024-01-03",6
14656,3,6439,2024-01-03 06:44:52,NA,13508,259108934,288216372,"2024-01-03",6
14651,3,6962,2024-01-03 06:25:28,NA,14672,110954925,142993715,"2024-01-03",6
14658,3,6065,2024-01-03 06:45:12,NA,13488,169262151,238506607,"2024-01-03",6
14660,3,5217,2024-01-03 06:52:08,NA,13072,48374380,54924564,"2024-01-03",6
14649,3,4723,2024-01-03 06:18:07,NA,15113,110990565,115498168,"2024-01-03",6
14650,3,8170,2024-01-03 06:14:24,NA,15336,177565641,184523265,"2024-01-03",6
14646,3,8958,2024-01-03 06:00:48,NA,16152,810074453,1059014510,"2024-01-03",6
14659,3,4336,2024-01-03 06:47:36,NA,13344,43163697,53610941,"2024-01-03",6
14652,3,7804,2024-01-03 06:28:02,NA,14518,255907046,357966758,"2024-01-03",6
14653,3,7141,2024-01-03 06:39:44,NA,14416,146998659,154887499,"2024-01-03",6
14655,3,7595,2024-01-03 06:40:36,NA,14364,41372823,50477020,"2024-01-03",6
14654,3,9840,2024-01-03 06:31:33,NA,14907,61445355,88627822,"2024-01-03",6
14656,3,6439,2024-01-03 06:44:52,NA,14108,244083555,294125214,"2024-01-03",6
14651,3,6962,2024-01-03 06:25:28,NA,15272,232351390,336627404,"2024-01-03",6
14658,3,6065,2024-01-03 06:45:12,NA,14088,74377365,103636710,"2024-01-03",6
14660,3,5217,2024-01-03 06:52:08,NA,13672,44815336,55205719,"2024-01-03",6
14649,3,4723,2024-01-03 06:18:07,NA,15713,100962698,129470847,"2024-01-03",6
14650,3,8170,2024-01-03 06:14:24,NA,15936,221991521,292139484,"2024-01-03",6
14646,3,8958,2024-01-03 06:00:48,NA,16752,800816619,1129796464,"2024-01-03",6
14659,3,4336,2024-01-03 06:47:36,NA,13944,35426327,52993983,"2024-01-03",6
14652,3,7804,2024-01-03 06:28:02,NA,15118,343877902,419887832,"2024-01-03",6
14653,3,7141,2024-01-03 06:39:44,NA,15016,166564994,168391666,"2024-01-03",6
14655,3,7595,2024-01-03 06:40:36,NA,14964,179285270,238025193,"2024-01-03",6
14654,3,9840,2024-01-03 06:31:33,NA,15507,75422693,89931729,"2024-01-03",6
14656,3,6439,2024-01-03 06:44:52,NA,14708,310487297,312752831,"2024-01-03",6
14651,3,6962,2024-01-03 06:25:28,NA,15872,117494071,170689560,"2024-01-03",6
14658,3,6065,2024-01-03 06:45:12,NA,14688,46269352,58172938,"2024-01-03",6
14660,3,5217,2024-01-03 06:52:08,NA,14272,159480165,171027865,"2024-01-03",6
14649,3,4723,2024-01-03 06:18:07,NA,16313,22416391,28658909,"2024-01-03",6
14650,3,8170,2024-01-03 06:14:24,NA,16536,315954251,402736463,"2024-01-03",6
14646,3,8958,2024-01-03 06:00:48,NA,17352,877943818,962569825,"2024-01-03",6
14659,3,4336,2024-01-03 06:47:36,NA,14544,115369198,118103773,"2024-01-03",6
14652,3,7804,2024-01-03 06:28:02,NA,15718,280519854,321396116,"2024-01-03",6
14653,3,7141,2024-01-03 06:39:44,NA,15616,181849048,201702498,"2024-01-03",6
14655,3,7595,2024-01-03 06:40:36,NA,15564,242378698,294392958,"2024-01-03",6
14654,3,9840,2024-01-03 06:31:33,NA,16107,138296275,183363660,"2024-01-03",6
14656,3,6439,2024-01-03 06:44:52,NA,15308,352775157,354011633,"2024-01-03",6
14651,3,6962,2024-01-03 06:25:28,NA,16472,103940592,104682160,"2024-01-03",6
14658,3,6065,2024-01-03 06:45:12,NA,15288,236019895,336725272,"2024-01-03",6
14660,3,5217,2024-01-03 06:52:08,NA,14872,83406059,121062951,"2024-01-03",6
14649,3,4723,2024-01-03 06:18:07,NA,16913,204025566,266246763,"2024-01-03",6
14650,3,8170,2024-01-03 06:14:24,NA,17136,180909159,209703973,"2024-01-03",6
14646,3,8958,2024-01-03 06:00:48,NA,17952,943585829,1245856767,"2024-01-03",6
14659,3,4336,2024-01-03 06:47:36,NA,15144,81246603,93165304,"2024-01-03",6
14652,3,7804,2024-01-03 06:28:02,NA,16318,325881261,468564049,"2024-01-03",6
14653,3,7141,2024-01-03 06:39:44,NA,16216,180328575,198317375,"2024-01-03",6
14655,3,7595,2024-01-03 06:40:36,NA,16164,164103332,229924840,"2024-01-03",6
14654,3,9840,2024-01-03 06:31:33,NA,16707,209131243,274356132,"2024-01-03",6
14656,3,6439,2024-01-03 06:44:52,NA,15908,273798274,385484344,"2024-01-03",6
14651,3,6962,2024-01-03 06:25:28,NA,17072,188953062,226107914,"2024-01-03",6
14658,3,6065,2024-01-03 06:45:12,NA,15888,256003737,354313018,"2024-01-03",6
14660,3,5217,2024-01-03 06:52:08,NA,15472,81438507,105436024,"2024-01-03",6
14649,3,4723,2024-01-03 06:18:07,NA,17513,64247997,86214608,"2024-01-03",6
14650,3,8170,2024-01-03 06:14:24,NA,17736,138573001,179937340,"2024-01-03",6
14646,3,8958,2024-01-03 06:00:48,NA,18552,930748037,1227511263,"2024-01-03",6
14659,3,4336,2024-01-03 06:47:36,NA,15744,207295961,216216565,"2024-01-03",6
14652,3,7804,2024-01-03 06:28:02,NA,16918,262961804,359545942,"2024-01-03",6
14653,3,7141,2024-01-03 06:39:44,NA,16816,131674799,134278638,"2024-01-03",6
14655,3,7595,2024-01-03 06:40:36,NA,16764,388502396,469707012,"2024-01-03",6
14654,3,9840,2024-01-03 06:31:33,"03-01-2024 14:11:36",16803,133067723,160253523,"2024-01-03",6
14656,3,6439,2024-01-03 06:44:52,NA,16508,333473799,362019630,"2024-01-03",6
14651,3,6962,2024-01-03 06:25:28,NA,17672,155915402,170366119,"2024-01-03",6
14658,3,6065,2024-01-03 06:45:12,NA,16488,222727402,282415509,"2024-01-03",6
14660,3,5217,2024-01-03 06:52:08,NA,16072,91761240,97122866,"2024-01-03",6
14649,3,4723,2024-01-03 06:18:07,NA,18113,163977614,193217685,"2024-01-03",6
14650,3,8170,2024-01-03 06:14:24,NA,18336,275515194,316764124,"2024-01-03",6
14646,3,8958,2024-01-03 06:00:48,"03-01-2024 14:13:39",18771,989196186,1220105840,"2024-01-03",6
14659,3,4336,2024-01-03 06:47:36,NA,16344,193091598,257215329,"2024-01-03",6
14652,3,7804,2024-01-03 06:28:02,NA,17518,375410338,458246107,"2024-01-03",6
14653,3,7141,2024-01-03 06:39:44,NA,17416,257209008,381575742,"2024-01-03",6
14655,3,7595,2024-01-03 06:40:36,NA,17364,259055606,329378180,"2024-01-03",6
14656,3,6439,2024-01-03 06:44:52,NA,17108,341954215,376068023,"2024-01-03",6
14651,3,6962,2024-01-03 06:25:28,NA,18272,204380914,263314103,"2024-01-03",6
14658,3,6065,2024-01-03 06:45:12,NA,17088,277029852,346694390,"2024-01-03",6
14660,3,5217,2024-01-03 06:52:08,NA,16672,127505252,182962822,"2024-01-03",6
14649,3,4723,2024-01-03 06:18:07,NA,18713,131749673,181114169,"2024-01-03",6
14650,3,8170,2024-01-03 06:14:24,NA,18936,492005040,509345802,"2024-01-03",6
14659,3,4336,2024-01-03 06:47:36,NA,16944,178629168,238802067,"2024-01-03",6
14652,3,7804,2024-01-03 06:28:02,NA,18118,445866416,481417897,"2024-01-03",6
14653,3,7141,2024-01-03 06:39:44,NA,18016,187082011,248988399,"2024-01-03",6
14655,3,7595,2024-01-03 06:40:36,NA,17964,68230095,72971377,"2024-01-03",6
14656,3,6439,2024-01-03 06:44:52,NA,17708,308487222,404728283,"2024-01-03",6
14651,3,6962,2024-01-03 06:25:28,NA,18872,355677044,463567014,"2024-01-03",6
14658,3,6065,2024-01-03 06:45:12,NA,17688,80625507,83085120,"2024-01-03",6
14660,3,5217,2024-01-03 06:52:08,NA,17272,56174985,79098598,"2024-01-03",6
14649,3,4723,2024-01-03 06:18:07,NA,19313,197724402,208188487,"2024-01-03",6
14650,3,8170,2024-01-03 06:14:24,NA,19536,265812756,382292884,"2024-01-03",6
14659,3,4336,2024-01-03 06:47:36,NA,17544,209006316,266377196,"2024-01-03",6
14652,3,7804,2024-01-03 06:28:02,NA,18718,433347163,645660056,"2024-01-03",6
14653,3,7141,2024-01-03 06:39:44,NA,18616,345296641,428661174,"2024-01-03",6
14655,3,7595,2024-01-03 06:40:36,NA,18564,247470335,328000734,"2024-01-03",6
14656,3,6439,2024-01-03 06:44:52,NA,18308,328960962,414331401,"2024-01-03",6
14651,3,6962,2024-01-03 06:25:28,NA,19472,119568770,134596892,"2024-01-03",6
14658,3,6065,2024-01-03 06:45:12,NA,18288,299876313,421535771,"2024-01-03",6
14660,3,5217,2024-01-03 06:52:08,NA,17872,108863791,121735562,"2024-01-03",6
14649,3,4723,2024-01-03 06:18:07,NA,19913,198060060,250360701,"2024-01-03",6
14650,3,8170,2024-01-03 06:14:24,NA,20136,312469203,434018530,"2024-01-03",6
14659,3,4336,2024-01-03 06:47:36,NA,18144,91611175,108700544,"2024-01-03",6
14652,3,7804,2024-01-03 06:28:02,NA,19318,438943101,543472319,"2024-01-03",6
14653,3,7141,2024-01-03 06:39:44,NA,19216,299560937,313529184,"2024-01-03",6
14655,3,7595,2024-01-03 06:40:36,NA,19164,266550926,271073118,"2024-01-03",6
14656,3,6439,2024-01-03 06:44:52,NA,18908,253779381,354111965,"2024-01-03",6
14651,3,6962,2024-01-03 06:25:28,NA,20072,95186438,114862280,"2024-01-03",6
14658,3,6065,2024-01-03 06:45:12,NA,18888,156728243,191511442,"2024-01-03",6
14660,3,5217,2024-01-03 06:52:08,NA,18472,231108360,267365915,"2024-01-03",6
14649,3,4723,2024-01-03 06:18:07,NA,20513,105898248,140728571,"2024-01-03",6
14650,3,8170,2024-01-03 06:14:24,NA,20736,497819595,633279041,"2024-01-03",6
14659,3,4336,2024-01-03 06:47:36,NA,18744,327810068,445709038,"2024-01-03",6
14652,3,7804,2024-01-03 06:28:02,NA,19918,408385726,411851344,"2024-01-03",6
14653,3,7141,2024-01-03 06:39:44,NA,19816,138583509,187403640,"2024-01-03",6
14655,3,7595,2024-01-03 06:40:36,NA,19764,470077731,537047385,"2024-01-03",6
14656,3,6439,2024-01-03 06:44:52,NA,19508,267251231,310475170,"2024-01-03",6
14651,3,6962,2024-01-03 06:25:28,NA,20672,328178792,403818732,"2024-01-03",6
14658,3,6065,2024-01-03 06:45:12,NA,19488,98410928,112207285,"2024-01-03",6
14660,3,5217,2024-01-03 06:52:08,NA,19072,59376226,77300953,"2024-01-03",6
14649,3,4723,2024-01-03 06:18:07,NA,21113,145005138,163485119,"2024-01-03",6
14650,3,8170,2024-01-03 06:14:24,NA,21336,469540448,498336996,"2024-01-03",6
14659,3,4336,2024-01-03 06:47:36,NA,19344,183877405,233465166,"2024-01-03",6
14652,3,7804,2024-01-03 06:28:02,NA,20518,438821038,488047107,"2024-01-03",6
14653,3,7141,2024-01-03 06:39:44,"03-01-2024 15:13:20",20016,109718593,140620234,"2024-01-03",6
14655,3,7595,2024-01-03 06:40:36,NA,20364,152748588,190961352,"2024-01-03",6
14656,3,6439,2024-01-03 06:44:52,NA,20108,376021829,409580770,"2024-01-03",6
14651,3,6962,2024-01-03 06:25:28,NA,21272,332266756,422136986,"2024-01-03",6
14658,3,6065,2024-01-03 06:45:12,NA,20088,566622438,624123197,"2024-01-03",6
14660,3,5217,2024-01-03 06:52:08,NA,19672,132568145,169136802,"2024-01-03",6
14649,3,4723,2024-01-03 06:18:07,NA,21713,237532486,312136077,"2024-01-03",6
14650,3,8170,2024-01-03 06:14:24,NA,21936,394352539,547773787,"2024-01-03",6
14659,3,4336,2024-01-03 06:47:36,NA,19944,341760182,398854567,"2024-01-03",6
14652,3,7804,2024-01-03 06:28:02,NA,21118,402947110,582642432,"2024-01-03",6
14655,3,7595,2024-01-03 06:40:36,NA,20964,402022551,574406274,"2024-01-03",6
14656,3,6439,2024-01-03 06:44:52,NA,20708,294252577,324445670,"2024-01-03",6
14651,3,6962,2024-01-03 06:25:28,NA,21872,79847460,95860839,"2024-01-03",6
14658,3,6065,2024-01-03 06:45:12,NA,20688,203162061,276353881,"2024-01-03",6
14660,3,5217,2024-01-03 06:52:08,NA,20272,92093700,104926390,"2024-01-03",6
14649,3,4723,2024-01-03 06:18:07,NA,22313,146032267,193840342,"2024-01-03",6
14650,3,8170,2024-01-03 06:14:24,NA,22536,188878465,193065186,"2024-01-03",6
14659,3,4336,2024-01-03 06:47:36,NA,20544,198341771,263585827,"2024-01-03",6
14652,3,7804,2024-01-03 06:28:02,NA,21718,475023474,490314180,"2024-01-03",6
14655,3,7595,2024-01-03 06:40:36,NA,21564,490588146,728498967,"2024-01-03",6
14656,3,6439,2024-01-03 06:44:52,NA,21308,289955956,403833055,"2024-01-03",6
14651,3,6962,2024-01-03 06:25:28,NA,22472,295218133,387256327,"2024-01-03",6
14658,3,6065,2024-01-03 06:45:12,NA,21288,128222783,143839921,"2024-01-03",6
14660,3,5217,2024-01-03 06:52:08,NA,20872,160891115,172684841,"2024-01-03",6
14649,3,4723,2024-01-03 06:18:07,"03-01-2024 15:36:51",22724,78999848,103503014,"2024-01-03",6
14650,3,8170,2024-01-03 06:14:24,NA,23136,288868937,432710915,"2024-01-03",6
14659,3,4336,2024-01-03 06:47:36,NA,21144,420847030,482177796,"2024-01-03",6
14652,3,7804,2024-01-03 06:28:02,NA,22318,468452196,633673789,"2024-01-03",6
14655,3,7595,2024-01-03 06:40:36,NA,22164,265632909,391739186,"2024-01-03",6
14656,3,6439,2024-01-03 06:44:52,NA,21908,301959163,366101469,"2024-01-03",6
14651,3,6962,2024-01-03 06:25:28,NA,23072,173337210,193471705,"2024-01-03",6
14658,3,6065,2024-01-03 06:45:12,NA,21888,221119494,262297170,"2024-01-03",6
14660,3,5217,2024-01-03 06:52:08,NA,21472,203158452,211909985,"2024-01-03",6
14650,3,8170,2024-01-03 06:14:24,NA,23736,519546122,555060820,"2024-01-03",6
14659,3,4336,2024-01-03 06:47:36,NA,21744,192158237,199897060,"2024-01-03",6
14652,3,7804,2024-01-03 06:28:02,NA,22918,382710944,547732589,"2024-01-03",6
14655,3,7595,2024-01-03 06:40:36,NA,22764,331608389,421050692,"2024-01-03",6
14656,3,6439,2024-01-03 06:44:52,NA,22508,302146272,417903260,"2024-01-03",6
14651,3,6962,2024-01-03 06:25:28,NA,23672,201912899,276913597,"2024-01-03",6
14658,3,6065,2024-01-03 06:45:12,NA,22488,297425589,388753799,"2024-01-03",6
14660,3,5217,2024-01-03 06:52:08,NA,22072,132486851,194791238,"2024-01-03",6
14650,3,8170,2024-01-03 06:14:24,NA,24336,194990943,199461842,"2024-01-03",6
14659,3,4336,2024-01-03 06:47:36,NA,22344,459012397,642381249,"2024-01-03",6
14652,3,7804,2024-01-03 06:28:02,NA,23518,685958444,944553475,"2024-01-03",6
14655,3,7595,2024-01-03 06:40:36,NA,23364,367302262,384040649,"2024-01-03",6
14656,3,6439,2024-01-03 06:44:52,NA,23108,271016070,299789260,"2024-01-03",6
14651,3,6962,2024-01-03 06:25:28,NA,24272,219066850,255380461,"2024-01-03",6
14658,3,6065,2024-01-03 06:45:12,NA,23088,127540819,150368361,"2024-01-03",6
14660,3,5217,2024-01-03 06:52:08,NA,22672,265936686,344631873,"2024-01-03",6
14650,3,8170,2024-01-03 06:14:24,NA,24936,328528293,453049094,"2024-01-03",6
14659,3,4336,2024-01-03 06:47:36,NA,22944,329658065,382420777,"2024-01-03",6
14652,3,7804,2024-01-03 06:28:02,NA,24118,434247957,533360087,"2024-01-03",6
14655,3,7595,2024-01-03 06:40:36,NA,23964,319648648,384839452,"2024-01-03",6
14656,3,6439,2024-01-03 06:44:52,NA,23708,362625727,427565608,"2024-01-03",6
14651,3,6962,2024-01-03 06:25:28,"03-01-2024 16:14:11",24523,194747861,267773345,"2024-01-03",6
14658,3,6065,2024-01-03 06:45:12,NA,23688,350166755,372421389,"2024-01-03",6
14660,3,5217,2024-01-03 06:52:08,NA,23272,326380535,339326892,"2024-01-03",6
14650,3,8170,2024-01-03 06:14:24,NA,25536,387587524,396520802,"2024-01-03",6
14659,3,4336,2024-01-03 06:47:36,NA,23544,464446357,688866124,"2024-01-03",6
14652,3,7804,2024-01-03 06:28:02,NA,24718,727246030,799537606,"2024-01-03",6
14655,3,7595,2024-01-03 06:40:36,NA,24564,456691965,650923345,"2024-01-03",6
14656,3,6439,2024-01-03 06:44:52,NA,24308,310473613,395448722,"2024-01-03",6
14658,3,6065,2024-01-03 06:45:12,NA,24288,372283995,466104062,"2024-01-03",6
14660,3,5217,2024-01-03 06:52:08,NA,23872,144285789,200875363,"2024-01-03",6
14650,3,8170,2024-01-03 06:14:24,NA,26136,321624288,339598880,"2024-01-03",6
14659,3,4336,2024-01-03 06:47:36,NA,24144,265687969,357763351,"2024-01-03",6
14652,3,7804,2024-01-03 06:28:02,NA,25318,654132139,781701532,"2024-01-03",6
14655,3,7595,2024-01-03 06:40:36,NA,25164,333221884,387868789,"2024-01-03",6
14656,3,6439,2024-01-03 06:44:52,NA,24908,375625743,378013562,"2024-01-03",6
14658,3,6065,2024-01-03 06:45:12,NA,24888,266178404,283166101,"2024-01-03",6
14660,3,5217,2024-01-03 06:52:08,NA,24472,207140087,239761335,"2024-01-03",6
14650,3,8170,2024-01-03 06:14:24,NA,26736,117873582,173452459,"2024-01-03",6
14659,3,4336,2024-01-03 06:47:36,NA,24744,563664176,640371093,"2024-01-03",6
14652,3,7804,2024-01-03 06:28:02,NA,25918,522509889,696604579,"2024-01-03",6
14655,3,7595,2024-01-03 06:40:36,NA,25764,154715767,228367631,"2024-01-03",6
14656,3,6439,2024-01-03 06:44:52,NA,25508,441696323,487155826,"2024-01-03",6
14658,3,6065,2024-01-03 06:45:12,NA,25488,348746182,481179370,"2024-01-03",6
14660,3,5217,2024-01-03 06:52:08,NA,25072,422663115,457863922,"2024-01-03",6
14650,3,8170,2024-01-03 06:14:24,NA,27336,341887386,424770586,"2024-01-03",6
14659,3,4336,2024-01-03 06:47:36,NA,25344,602667163,681584071,"2024-01-03",6
14652,3,7804,2024-01-03 06:28:02,NA,26518,489422142,623067860,"2024-01-03",6
14655,3,7595,2024-01-03 06:40:36,NA,26364,308806147,392134295,"2024-01-03",6
14656,3,6439,2024-01-03 06:44:52,NA,26108,359625970,475606175,"2024-01-03",6
14658,3,6065,2024-01-03 06:45:12,NA,26088,544882849,715110088,"2024-01-03",6
14660,3,5217,2024-01-03 06:52:08,NA,25672,295191974,429189946,"2024-01-03",6
14650,3,8170,2024-01-03 06:14:24,NA,27936,392724596,537915760,"2024-01-03",6
14659,3,4336,2024-01-03 06:47:36,NA,25944,514466469,732168086,"2024-01-03",6
14652,3,7804,2024-01-03 06:28:02,NA,27118,669983044,992503141,"2024-01-03",6
14655,3,7595,2024-01-03 06:40:36,NA,26964,593222768,852493681,"2024-01-03",6
14656,3,6439,2024-01-03 06:44:52,NA,26708,299272033,411446337,"2024-01-03",6
14658,3,6065,2024-01-03 06:45:12,NA,26688,517906706,572427451,"2024-01-03",6
14660,3,5217,2024-01-03 06:52:08,NA,26272,491093111,523439966,"2024-01-03",6
14650,3,8170,2024-01-03 06:14:24,NA,28536,634955236,814928899,"2024-01-03",6
14659,3,4336,2024-01-03 06:47:36,NA,26544,299713899,385172577,"2024-01-03",6
14652,3,7804,2024-01-03 06:28:02,NA,27718,422528651,622365941,"2024-01-03",6
14655,3,7595,2024-01-03 06:40:36,NA,27564,125232660,132186046,"2024-01-03",6
14656,3,6439,2024-01-03 06:44:52,NA,27308,307021887,446648155,"2024-01-03",6
14658,3,6065,2024-01-03 06:45:12,NA,27288,268497235,360216946,"2024-01-03",6
14660,3,5217,2024-01-03 06:52:08,NA,26872,460649854,471308022,"2024-01-03",6
14650,3,8170,2024-01-03 06:14:24,NA,29136,571332293,661113575,"2024-01-03",6
14659,3,4336,2024-01-03 06:47:36,NA,27144,330722891,450797931,"2024-01-03",6
14652,3,7804,2024-01-03 06:28:02,NA,28318,553424869,635668092,"2024-01-03",6
14655,3,7595,2024-01-03 06:40:36,NA,28164,132871566,155418231,"2024-01-03",6
14656,3,6439,2024-01-03 06:44:52,NA,27908,418250691,429829744,"2024-01-03",6
14658,3,6065,2024-01-03 06:45:12,NA,27888,414088194,607634859,"2024-01-03",6
14660,3,5217,2024-01-03 06:52:08,NA,27472,329799196,339592270,"2024-01-03",6
14650,3,8170,2024-01-03 06:14:24,NA,29736,237179650,272850931,"2024-01-03",6
14659,3,4336,2024-01-03 06:47:36,NA,27744,561192537,792366651,"2024-01-03",6
14652,3,7804,2024-01-03 06:28:02,NA,28918,727013588,753231199,"2024-01-03",6
14655,3,7595,2024-01-03 06:40:36,NA,28764,80288528,120339464,"2024-01-03",6
14656,3,6439,2024-01-03 06:44:52,NA,28508,290108111,317902830,"2024-01-03",6
14658,3,6065,2024-01-03 06:45:12,NA,28488,308265163,441132494,"2024-01-03",6
14660,3,5217,2024-01-03 06:52:08,NA,28072,451659939,608425862,"2024-01-03",6
14650,3,8170,2024-01-03 06:14:24,NA,30336,582118778,655205458,"2024-01-03",6
14659,3,4336,2024-01-03 06:47:36,NA,28344,424279050,585231850,"2024-01-03",6
14652,3,7804,2024-01-03 06:28:02,NA,29518,739281151,799487059,"2024-01-03",6
14655,3,7595,2024-01-03 06:40:36,NA,29364,81092187,106976717,"2024-01-03",6
14656,3,6439,2024-01-03 06:44:52,NA,29108,279309811,384679364,"2024-01-03",6
14658,3,6065,2024-01-03 06:45:12,NA,29088,716240377,872591083,"2024-01-03",6
14660,3,5217,2024-01-03 06:52:08,NA,28672,464485550,643966996,"2024-01-03",6
14650,3,8170,2024-01-03 06:14:24,NA,30936,369079295,380431058,"2024-01-03",6
14659,3,4336,2024-01-03 06:47:36,NA,28944,785757148,935899992,"2024-01-03",6
14652,3,7804,2024-01-03 06:28:02,NA,30118,650688569,925642401,"2024-01-03",6
14655,3,7595,2024-01-03 06:40:36,NA,29964,459366134,507954190,"2024-01-03",6
14656,3,6439,2024-01-03 06:44:52,NA,29708,292486757,423920385,"2024-01-03",6
14658,3,6065,2024-01-03 06:45:12,NA,29688,472123998,680922472,"2024-01-03",6
14660,3,5217,2024-01-03 06:52:08,NA,29272,684105578,716259536,"2024-01-03",6
14650,3,8170,2024-01-03 06:14:24,NA,31536,239846746,240075373,"2024-01-03",6
14659,3,4336,2024-01-03 06:47:36,NA,29544,524032039,728530289,"2024-01-03",6
14652,3,7804,2024-01-03 06:28:02,NA,30718,674089580,739063910,"2024-01-03",6
14655,3,7595,2024-01-03 06:40:36,NA,30564,307486609,426410376,"2024-01-03",6
14656,3,6439,2024-01-03 06:44:52,NA,30308,488447106,563970547,"2024-01-03",6
14658,3,6065,2024-01-03 06:45:12,NA,30288,557796180,834239643,"2024-01-03",6
14660,3,5217,2024-01-03 06:52:08,NA,29872,634381200,876453698,"2024-01-03",6
14650,3,8170,2024-01-03 06:14:24,NA,32136,751693927,963095720,"2024-01-03",6
14659,3,4336,2024-01-03 06:47:36,NA,30144,524411453,541959788,"2024-01-03",6
14652,3,7804,2024-01-03 06:28:02,NA,31318,592406771,629290445,"2024-01-03",6
14655,3,7595,2024-01-03 06:40:36,NA,31164,167215709,207849956,"2024-01-03",6
14656,3,6439,2024-01-03 06:44:52,NA,30908,387101291,404969102,"2024-01-03",6
14658,3,6065,2024-01-03 06:45:12,NA,30888,839799466,1047977637,"2024-01-03",6
14660,3,5217,2024-01-03 06:52:08,NA,30472,571610407,574033494,"2024-01-03",6
14650,3,8170,2024-01-03 06:14:24,NA,32736,429758586,630033081,"2024-01-03",6
14659,3,4336,2024-01-03 06:47:36,NA,30744,382123650,566835137,"2024-01-03",6
14652,3,7804,2024-01-03 06:28:02,NA,31918,581816162,653742079,"2024-01-03",6
14655,3,7595,2024-01-03 06:40:36,NA,31764,357475089,362982206,"2024-01-03",6
14656,3,6439,2024-01-03 06:44:52,NA,31508,325664405,412787412,"2024-01-03",6
14658,3,6065,2024-01-03 06:45:12,NA,31488,1106202991,1354041273,"2024-01-03",6
14660,3,5217,2024-01-03 06:52:08,NA,31072,696172613,717260688,"2024-01-03",6
14650,3,8170,2024-01-03 06:14:24,NA,33336,508762902,685838428,"2024-01-03",6
14659,3,4336,2024-01-03 06:47:36,NA,31344,598983284,830427051,"2024-01-03",6
14652,3,7804,2024-01-03 06:28:02,NA,32518,727621623,820634312,"2024-01-03",6
14655,3,7595,2024-01-03 06:40:36,NA,32364,806594112,1016125405,"2024-01-03",6
14656,3,6439,2024-01-03 06:44:52,NA,32108,430990675,495212150,"2024-01-03",6
14658,3,6065,2024-01-03 06:45:12,NA,32088,963553451,1205016275,"2024-01-03",6
14660,3,5217,2024-01-03 06:52:08,NA,31672,671577791,853292898,"2024-01-03",6
14650,3,8170,2024-01-03 06:14:24,NA,33936,529287579,565568876,"2024-01-03",6
14659,3,4336,2024-01-03 06:47:36,NA,31944,494869650,729181381,"2024-01-03",6
14652,3,7804,2024-01-03 06:28:02,NA,33118,920877796,944857013,"2024-01-03",6
14655,3,7595,2024-01-03 06:40:36,NA,32964,887021900,1110615866,"2024-01-03",6
14656,3,6439,2024-01-03 06:44:52,NA,32708,322430630,364660403,"2024-01-03",6
14658,3,6065,2024-01-03 06:45:12,NA,32688,794626124,922687076,"2024-01-03",6
14660,3,5217,2024-01-03 06:52:08,NA,32272,745359310,1058438335,"2024-01-03",6
14650,3,8170,2024-01-03 06:14:24,NA,34536,301422232,328251115,"2024-01-03",6
14659,3,4336,2024-01-03 06:47:36,NA,32544,806370017,954059456,"2024-01-03",6
14652,3,7804,2024-01-03 06:28:02,NA,33718,804564930,936090427,"2024-01-03",6
14655,3,7595,2024-01-03 06:40:36,NA,33564,702194093,944969315,"2024-01-03",6
14656,3,6439,2024-01-03 06:44:52,NA,33308,495698500,541222657,"2024-01-03",6
14658,3,6065,2024-01-03 06:45:12,NA,33288,1154858875,1461933968,"2024-01-03",6
14660,3,5217,2024-01-03 06:52:08,NA,32872,771749357,980985407,"2024-01-03",6
14650,3,8170,2024-01-03 06:14:24,NA,35136,395265618,503495501,"2024-01-03",6
14659,3,4336,2024-01-03 06:47:36,NA,33144,725723161,785778354,"2024-01-03",6
14652,3,7804,2024-01-03 06:28:02,NA,34318,654308842,719632426,"2024-01-03",6
14655,3,7595,2024-01-03 06:40:36,NA,34164,544731016,553479347,"2024-01-03",6
14656,3,6439,2024-01-03 06:44:52,NA,33908,446683029,497580001,"2024-01-03",6
14658,3,6065,2024-01-03 06:45:12,NA,33888,873538525,1222250943,"2024-01-03",6
14660,3,5217,2024-01-03 06:52:08,NA,33472,696871991,870851678,"2024-01-03",6
14650,3,8170,2024-01-03 06:14:24,NA,35736,668198882,736637135,"2024-01-03",6
14659,3,4336,2024-01-03 06:47:36,NA,33744,713386749,1058717433,"2024-01-03",6
14652,3,7804,2024-01-03 06:28:02,NA,34918,621748905,736858461,"2024-01-03",6
14655,3,7595,2024-01-03 06:40:36,NA,34764,354949985,447377155,"2024-01-03",6
14656,3,6439,2024-01-03 06:44:52,NA,34508,490740984,499856236,"2024-01-03",6
14658,3,6065,2024-01-03 06:45:12,NA,34488,1081119463,1137693083,"2024-01-03",6
14660,3,5217,2024-01-03 06:52:08,NA,34072,758807472,855902198,"2024-01-03",6
14650,3,8170,2024-01-03 06:14:24,NA,36336,543678954,565355898,"2024-01-03",6
14659,3,4336,2024-01-03 06:47:36,NA,34344,617129372,892292090,"2024-01-03",6
14652,3,7804,2024-01-03 06:28:02,NA,35518,813333007,1129794235,"2024-01-03",6
14655,3,7595,2024-01-03 06:40:36,NA,35364,245065864,326675112,"2024-01-03",6
14656,3,6439,2024-01-03 06:44:52,NA,35108,436787997,474734088,"2024-01-03",6
14658,3,6065,2024-01-03 06:45:12,NA,35088,1509262229,1738941592,"2024-01-03",6
14660,3,5217,2024-01-03 06:52:08,NA,34672,754796540,1062575799,"2024-01-03",6
14650,3,8170,2024-01-03 06:14:24,NA,36936,734568051,810092348,"2024-01-03",6
14659,3,4336,2024-01-03 06:47:36,NA,34944,509569087,661441801,"2024-01-03",6
14652,3,7804,2024-01-03 06:28:02,NA,36118,788687774,1013078996,"2024-01-03",6
14655,3,7595,2024-01-03 06:40:36,NA,35964,362815136,376897615,"2024-01-03",6
14656,3,6439,2024-01-03 06:44:52,NA,35708,409666892,495704345,"2024-01-03",6
14658,3,6065,2024-01-03 06:45:12,NA,35688,1272697494,1398702769,"2024-01-03",6
14660,3,5217,2024-01-03 06:52:08,NA,35272,775716541,779396839,"2024-01-03",6
14650,3,8170,2024-01-03 06:14:24,NA,37536,189657437,256385432,"2024-01-03",6
14659,3,4336,2024-01-03 06:47:36,NA,35544,809106537,850437643,"2024-01-03",6
14652,3,7804,2024-01-03 06:28:02,NA,36718,1081838435,1266038438,"2024-01-03",6
14655,3,7595,2024-01-03 06:40:36,NA,36564,121250022,142602789,"2024-01-03",6
14656,3,6439,2024-01-03 06:44:52,NA,36308,377124821,526990613,"2024-01-03",6
14658,3,6065,2024-01-03 06:45:12,NA,36288,1418167393,1841181659,"2024-01-03",6
14660,3,5217,2024-01-03 06:52:08,NA,35872,825715866,1154355242,"2024-01-03",6
14650,3,8170,2024-01-03 06:14:24,NA,38136,225255841,234751342,"2024-01-03",6
14659,3,4336,2024-01-03 06:47:36,NA,36144,762993369,1136268950,"2024-01-03",6
14652,3,7804,2024-01-03 06:28:02,NA,37318,893613584,1137260928,"2024-01-03",6
14655,3,7595,2024-01-03 06:40:36,NA,37164,1163637204,1247747428,"2024-01-03",6
14656,3,6439,2024-01-03 06:44:52,NA,36908,462519228,493080375,"2024-01-03",6
14658,3,6065,2024-01-03 06:45:12,NA,36888,1420634335,1442138544,"2024-01-03",6
14660,3,5217,2024-01-03 06:52:08,NA,36472,897221675,1004083272,"2024-01-03",6
14650,3,8170,2024-01-03 06:14:24,NA,38736,476317662,490565243,"2024-01-03",6
14659,3,4336,2024-01-03 06:47:36,NA,36744,877799528,1087713921,"2024-01-03",6
14652,3,7804,2024-01-03 06:28:02,NA,37918,976954967,1171346810,"2024-01-03",6
14655,3,7595,2024-01-03 06:40:36,NA,37764,835823238,1158710478,"2024-01-03",6
14656,3,6439,2024-01-03 06:44:52,NA,37508,359148257,406398787,"2024-01-03",6
14658,3,6065,2024-01-03 06:45:12,"03-01-2024 20:09:26",37454,1151003041,1349593064,"2024-01-03",6
14660,3,5217,2024-01-03 06:52:08,NA,37072,880253196,1222014438,"2024-01-03",6
14650,3,8170,2024-01-03 06:14:24,NA,39336,184049430,199212902,"2024-01-03",6
14659,3,4336,2024-01-03 06:47:36,NA,37344,663875985,740308677,"2024-01-03",6
14652,3,7804,2024-01-03 06:28:02,NA,38518,719920278,742561655,"2024-01-03",6
14655,3,7595,2024-01-03 06:40:36,NA,38364,750530160,1040338346,"2024-01-03",6
14656,3,6439,2024-01-03 06:44:52,NA,38108,569922134,625815878,"2024-01-03",6
14660,3,5217,2024-01-03 06:52:08,NA,37672,978872349,1140151229,"2024-01-03",6
14650,3,8170,2024-01-03 06:14:24,NA,39936,475079693,656308554,"2024-01-03",6
14659,3,4336,2024-01-03 06:47:36,NA,37944,679738336,952340007,"2024-01-03",6
14652,3,7804,2024-01-03 06:28:02,NA,39118,1028558959,1103720834,"2024-01-03",6
14655,3,7595,2024-01-03 06:40:36,NA,38964,228646669,258111361,"2024-01-03",6
14656,3,6439,2024-01-03 06:44:52,NA,38708,602859998,720937935,"2024-01-03",6
14660,3,5217,2024-01-03 06:52:08,NA,38272,1002719147,1059949956,"2024-01-03",6
14650,3,8170,2024-01-03 06:14:24,NA,40536,348438113,384770113,"2024-01-03",6
14659,3,4336,2024-01-03 06:47:36,NA,38544,953136000,1171889723,"2024-01-03",6
14652,3,7804,2024-01-03 06:28:02,NA,39718,1031378200,1434911948,"2024-01-03",6
14655,3,7595,2024-01-03 06:40:36,NA,39564,962006352,1226913253,"2024-01-03",6
14656,3,6439,2024-01-03 06:44:52,NA,39308,552940298,694693921,"2024-01-03",6
14660,3,5217,2024-01-03 06:52:08,NA,38872,1143937962,1236057556,"2024-01-03",6
14650,3,8170,2024-01-03 06:14:24,NA,41136,297172276,390172280,"2024-01-03",6
14659,3,4336,2024-01-03 06:47:36,NA,39144,1043555668,1054947164,"2024-01-03",6
14652,3,7804,2024-01-03 06:28:02,NA,40318,1101318450,1138749656,"2024-01-03",6
14655,3,7595,2024-01-03 06:40:36,NA,40164,851158101,1268666029,"2024-01-03",6
14656,3,6439,2024-01-03 06:44:52,NA,39908,446366448,626747884,"2024-01-03",6
14660,3,5217,2024-01-03 06:52:08,NA,39472,876910003,1071610454,"2024-01-03",6
14650,3,8170,2024-01-03 06:14:24,NA,41736,591772914,659915814,"2024-01-03",6
14659,3,4336,2024-01-03 06:47:36,NA,39744,863554641,1074749775,"2024-01-03",6
14652,3,7804,2024-01-03 06:28:02,NA,40918,703407885,986642140,"2024-01-03",6
14655,3,7595,2024-01-03 06:40:36,NA,40764,249784125,311874851,"2024-01-03",6
14656,3,6439,2024-01-03 06:44:52,NA,40508,499746006,557664347,"2024-01-03",6
14660,3,5217,2024-01-03 06:52:08,NA,40072,1046862408,1332516072,"2024-01-03",6
14650,3,8170,2024-01-03 06:14:24,NA,42336,341649335,458006005,"2024-01-03",6
14659,3,4336,2024-01-03 06:47:36,NA,40344,975374588,1394039388,"2024-01-03",6
14652,3,7804,2024-01-03 06:28:02,NA,41518,1011491518,1199004752,"2024-01-03",6
14655,3,7595,2024-01-03 06:40:36,NA,41364,395033035,458991142,"2024-01-03",6
14656,3,6439,2024-01-03 06:44:52,NA,41108,518523125,608595792,"2024-01-03",6
14660,3,5217,2024-01-03 06:52:08,"03-01-2024 21:00:50",40122,1336655382,1545199831,"2024-01-03",6
14650,3,8170,2024-01-03 06:14:24,NA,42936,831291529,851623249,"2024-01-03",6
14659,3,4336,2024-01-03 06:47:36,NA,40944,1413935412,1484076863,"2024-01-03",6
14652,3,7804,2024-01-03 06:28:02,NA,42118,800349135,840807428,"2024-01-03",6
14655,3,7595,2024-01-03 06:40:36,NA,41964,821931798,930501421,"2024-01-03",6
14656,3,6439,2024-01-03 06:44:52,NA,41708,404277776,510703886,"2024-01-03",6
14650,3,8170,2024-01-03 06:14:24,NA,43536,659916185,853911144,"2024-01-03",6
14659,3,4336,2024-01-03 06:47:36,NA,41544,998395340,1295095059,"2024-01-03",6
14652,3,7804,2024-01-03 06:28:02,NA,42718,936977686,1240816447,"2024-01-03",6
14655,3,7595,2024-01-03 06:40:36,NA,42564,804116880,1065035696,"2024-01-03",6
14656,3,6439,2024-01-03 06:44:52,NA,42308,612659853,865791498,"2024-01-03",6
14650,3,8170,2024-01-03 06:14:24,NA,44136,189725823,253342504,"2024-01-03",6
14659,3,4336,2024-01-03 06:47:36,NA,42144,1279318726,1326832995,"2024-01-03",6
14652,3,7804,2024-01-03 06:28:02,NA,43318,1097771325,1444862283,"2024-01-03",6
14655,3,7595,2024-01-03 06:40:36,NA,43164,963159377,1276491937,"2024-01-03",6
14656,3,6439,2024-01-03 06:44:52,NA,42908,424812663,605205936,"2024-01-03",6
14650,3,8170,2024-01-03 06:14:24,NA,44736,483791094,707369771,"2024-01-03",6
14659,3,4336,2024-01-03 06:47:36,NA,42744,1356028420,1956746458,"2024-01-03",6
14652,3,7804,2024-01-03 06:28:02,NA,43918,1059609685,1099567372,"2024-01-03",6
14655,3,7595,2024-01-03 06:40:36,NA,43764,951187085,1338507461,"2024-01-03",6
14656,3,6439,2024-01-03 06:44:52,NA,43508,583485147,844975649,"2024-01-03",6
14650,3,8170,2024-01-03 06:14:24,NA,45336,501261046,535537080,"2024-01-03",6
14659,3,4336,2024-01-03 06:47:36,NA,43344,1226379209,1645263549,"2024-01-03",6
14652,3,7804,2024-01-03 06:28:02,NA,44518,845206063,1144230689,"2024-01-03",6
14655,3,7595,2024-01-03 06:40:36,NA,44364,972726781,1099776377,"2024-01-03",6
14656,3,6439,2024-01-03 06:44:52,NA,44108,654981945,696601117,"2024-01-03",6
14650,3,8170,2024-01-03 06:14:24,NA,45936,702203312,935722296,"2024-01-03",6
14659,3,4336,2024-01-03 06:47:36,NA,43944,1011572065,1370984232,"2024-01-03",6
14652,3,7804,2024-01-03 06:28:02,NA,45118,1175373486,1642239048,"2024-01-03",6
14655,3,7595,2024-01-03 06:40:36,NA,44964,362348124,416614607,"2024-01-03",6
14656,3,6439,2024-01-03 06:44:52,NA,44708,645963274,748350322,"2024-01-03",6
14650,3,8170,2024-01-03 06:14:24,NA,46536,853830531,1247465822,"2024-01-03",6
14659,3,4336,2024-01-03 06:47:36,NA,44544,1120004503,1541875182,"2024-01-03",6
14652,3,7804,2024-01-03 06:28:02,NA,45718,961612028,1247193042,"2024-01-03",6
14655,3,7595,2024-01-03 06:40:36,NA,45564,999737947,1059060028,"2024-01-03",6
14656,3,6439,2024-01-03 06:44:52,NA,45308,667497271,743602647,"2024-01-03",6
14650,3,8170,2024-01-03 06:14:24,NA,47136,293355061,360570533,"2024-01-03",6
14659,3,4336,2024-01-03 06:47:36,NA,45144,1157010431,1608133268,"2024-01-03",6
14652,3,7804,2024-01-03 06:28:02,NA,46318,833179748,1217275579,"2024-01-03",6
14655,3,7595,2024-01-03 06:40:36,NA,46164,795160638,803715611,"2024-01-03",6
14656,3,6439,2024-01-03 06:44:52,NA,45908,591725255,641314427,"2024-01-03",6
14650,3,8170,2024-01-03 06:14:24,NA,47736,633203160,942199616,"2024-01-03",6
14659,3,4336,2024-01-03 06:47:36,NA,45744,1102071318,1263369475,"2024-01-03",6
14652,3,7804,2024-01-03 06:28:02,NA,46918,1026623395,1048316868,"2024-01-03",6
14655,3,7595,2024-01-03 06:40:36,NA,46764,271367964,286236039,"2024-01-03",6
14656,3,6439,2024-01-03 06:44:52,NA,46508,577518128,795600758,"2024-01-03",6
14650,3,8170,2024-01-03 06:14:24,NA,48336,529090053,771309554,"2024-01-03",6
14659,3,4336,2024-01-03 06:47:36,NA,46344,1120632842,1282875824,"2024-01-03",6
14652,3,7804,2024-01-03 06:28:02,NA,47518,1025746208,1315217056,"2024-01-03",6
14655,3,7595,2024-01-03 06:40:36,NA,47364,177548321,218900659,"2024-01-03",6
14656,3,6439,2024-01-03 06:44:52,NA,47108,508317962,627975021,"2024-01-03",6
14650,3,8170,2024-01-03 06:14:24,NA,48936,1038656740,1113132688,"2024-01-03",6
14659,3,4336,2024-01-03 06:47:36,NA,46944,1121923823,1250591536,"2024-01-03",6
14652,3,7804,2024-01-03 06:28:02,NA,48118,896446741,1063829686,"2024-01-03",6
14655,3,7595,2024-01-03 06:40:36,NA,47964,912591263,1022472973,"2024-01-03",6
14656,3,6439,2024-01-03 06:44:52,NA,47708,731887762,907260526,"2024-01-03",6
14650,3,8170,2024-01-03 06:14:24,NA,49536,386976060,454594386,"2024-01-03",6
14659,3,4336,2024-01-03 06:47:36,NA,47544,1225250378,1297053678,"2024-01-03",6
14652,3,7804,2024-01-03 06:28:02,NA,48718,1045700580,1183945134,"2024-01-03",6
14655,3,7595,2024-01-03 06:40:36,NA,48564,442892023,598077351,"2024-01-03",6
14656,3,6439,2024-01-03 06:44:52,NA,48308,562154559,628922335,"2024-01-03",6
14650,3,8170,2024-01-03 06:14:24,NA,50136,560848693,644133231,"2024-01-03",6
14659,3,4336,2024-01-03 06:47:36,NA,48144,1578724613,1644281529,"2024-01-03",6
14652,3,7804,2024-01-03 06:28:02,NA,49318,1277907171,1847451002,"2024-01-03",6
14655,3,7595,2024-01-03 06:40:36,NA,49164,525100706,765440759,"2024-01-03",6
14656,3,6439,2024-01-03 06:44:52,NA,48908,584969647,620569350,"2024-01-03",6
14650,3,8170,2024-01-03 06:14:24,NA,50736,712212390,827246792,"2024-01-03",6
14659,3,4336,2024-01-03 06:47:36,NA,48744,1137767756,1425561709,"2024-01-03",6
14652,3,7804,2024-01-03 06:28:02,NA,49918,1084241556,1295067402,"2024-01-03",6
14655,3,7595,2024-01-03 06:40:36,NA,49764,910546316,1019047894,"2024-01-03",6
14656,3,6439,2024-01-03 06:44:52,NA,49508,717207111,962680875,"2024-01-03",6
14650,3,8170,2024-01-03 06:14:24,NA,51336,442922761,550236006,"2024-01-03",6
14659,3,4336,2024-01-03 06:47:36,NA,49344,1423103228,1543363433,"2024-01-03",6
14652,3,7804,2024-01-03 06:28:02,NA,50518,1353633655,1365180493,"2024-01-03",6
14655,3,7595,2024-01-03 06:40:36,NA,50364,309050865,355880858,"2024-01-03",6
14656,3,6439,2024-01-03 06:44:52,NA,50108,620409527,801539158,"2024-01-03",6
14650,3,8170,2024-01-03 06:14:24,NA,51936,732565398,993759739,"2024-01-03",6
14659,3,4336,2024-01-03 06:47:36,NA,49944,1244946494,1459373219,"2024-01-03",6
14652,3,7804,2024-01-03 06:28:02,NA,51118,1374139245,1846974856,"2024-01-03",6
14655,3,7595,2024-01-03 06:40:36,NA,50964,686872698,704085450,"2024-01-03",6
14656,3,6439,2024-01-03 06:44:52,NA,50708,714936522,1044532593,"2024-01-03",6
14650,3,8170,2024-01-03 06:14:24,NA,52536,1015535064,1056009681,"2024-01-03",6
14659,3,4336,2024-01-03 06:47:36,NA,50544,1189126191,1323234579,"2024-01-03",6
14652,3,7804,2024-01-03 06:28:02,NA,51718,1126981385,1471474804,"2024-01-03",6
14655,3,7595,2024-01-03 06:40:36,NA,51564,1599624199,1773878390,"2024-01-03",6
14656,3,6439,2024-01-03 06:44:52,NA,51308,595501259,791948028,"2024-01-03",6
14650,3,8170,2024-01-03 06:14:24,NA,53136,1173022968,1434268021,"2024-01-03",6
14659,3,4336,2024-01-03 06:47:36,NA,51144,1781677733,1948436796,"2024-01-03",6
14652,3,7804,2024-01-03 06:28:02,NA,52318,1338267647,1434451050,"2024-01-03",6
14655,3,7595,2024-01-03 06:40:36,NA,52164,565306933,576357396,"2024-01-03",6
14656,3,6439,2024-01-03 06:44:52,NA,51908,567847689,599487431,"2024-01-03",6
14650,3,8170,2024-01-03 06:14:24,NA,53736,616061559,747078256,"2024-01-03",6
14659,3,4336,2024-01-03 06:47:36,NA,51744,1990590674,2144928831,"2024-01-03",6
14652,3,7804,2024-01-03 06:28:02,NA,52918,1410736335,1922484568,"2024-01-03",6
14655,3,7595,2024-01-03 06:40:36,NA,52764,1227712103,1300109701,"2024-01-03",6
14656,3,6439,2024-01-03 06:44:52,NA,52508,532376377,712602443,"2024-01-03",6
14650,3,8170,2024-01-03 06:14:24,NA,54336,576955868,774598298,"2024-01-03",6
14659,3,4336,2024-01-03 06:47:36,NA,52344,1265073789,1832796833,"2024-01-03",6
14652,3,7804,2024-01-03 06:28:02,NA,53518,1463438854,1696902504,"2024-01-03",6
14655,3,7595,2024-01-03 06:40:36,NA,53364,334179107,488295320,"2024-01-03",6
14656,3,6439,2024-01-03 06:44:52,NA,53108,804006609,869822439,"2024-01-03",6
14650,3,8170,2024-01-03 06:14:24,NA,54936,475089367,568651904,"2024-01-03",6
14659,3,4336,2024-01-03 06:47:36,NA,52944,1808758695,2239353622,"2024-01-03",6
14652,3,7804,2024-01-03 06:28:02,NA,54118,1318719536,1477134540,"2024-01-03",6
14655,3,7595,2024-01-03 06:40:36,NA,53964,298736459,425744597,"2024-01-03",6
14656,3,6439,2024-01-03 06:44:52,NA,53708,623602289,679291379,"2024-01-03",6
14650,3,8170,2024-01-03 06:14:24,NA,55536,1463998893,1540548440,"2024-01-03",6
14659,3,4336,2024-01-03 06:47:36,NA,53544,1704751545,2252179657,"2024-01-03",6
14652,3,7804,2024-01-03 06:28:02,NA,54718,1734554341,1775544035,"2024-01-03",6
14655,3,7595,2024-01-03 06:40:36,NA,54564,498045911,699369208,"2024-01-03",6
14656,3,6439,2024-01-03 06:44:52,NA,54308,776221918,839654494,"2024-01-03",6
14650,3,8170,2024-01-03 06:14:24,NA,56136,1089925902,1113285550,"2024-01-03",6
14659,3,4336,2024-01-03 06:47:36,NA,54144,1934912845,1985772071,"2024-01-03",6
14652,3,7804,2024-01-03 06:28:02,NA,55318,1275086629,1364483544,"2024-01-03",6
14655,3,7595,2024-01-03 06:40:36,NA,55164,685245684,941661666,"2024-01-03",6
14656,3,6439,2024-01-03 06:44:52,NA,54908,710110609,1042821826,"2024-01-03",6
14650,3,8170,2024-01-03 06:14:24,NA,56736,955786045,1254904901,"2024-01-03",6
14659,3,4336,2024-01-03 06:47:36,NA,54744,1372580063,1828485985,"2024-01-03",6
14652,3,7804,2024-01-03 06:28:02,NA,55918,1472910363,1481207428,"2024-01-03",6
14655,3,7595,2024-01-03 06:40:36,NA,55764,540645528,670828636,"2024-01-03",6
14656,3,6439,2024-01-03 06:44:52,NA,55508,745868982,968761427,"2024-01-03",6
14650,3,8170,2024-01-03 06:14:24,NA,57336,960407215,1173431921,"2024-01-03",6
14659,3,4336,2024-01-03 06:47:36,NA,55344,1386336163,1809972221,"2024-01-03",6
14652,3,7804,2024-01-03 06:28:02,NA,56518,1641275985,1969435198,"2024-01-03",6
14655,3,7595,2024-01-03 06:40:36,NA,56364,641061610,935633016,"2024-01-03",6
14656,3,6439,2024-01-03 06:44:52,NA,56108,738831596,991538300,"2024-01-03",6
14650,3,8170,2024-01-03 06:14:24,NA,57936,969811809,997715849,"2024-01-03",6
14659,3,4336,2024-01-03 06:47:36,NA,55944,1597909418,2228637646,"2024-01-03",6
14652,3,7804,2024-01-03 06:28:02,NA,57118,1548345381,1746274664,"2024-01-03",6
14655,3,7595,2024-01-03 06:40:36,NA,56964,332352139,356661895,"2024-01-03",6
14656,3,6439,2024-01-03 06:44:52,NA,56708,821999019,1135997569,"2024-01-03",6
14650,3,8170,2024-01-03 06:14:24,NA,58536,677859601,717723677,"2024-01-03",6
14659,3,4336,2024-01-03 06:47:36,NA,56544,2009477896,2423341380,"2024-01-03",6
14652,3,7804,2024-01-03 06:28:02,NA,57718,1503572120,1994940988,"2024-01-03",6
14655,3,7595,2024-01-03 06:40:36,NA,57564,509183279,521647511,"2024-01-03",6
14656,3,6439,2024-01-03 06:44:52,NA,57308,1014715832,1167602345,"2024-01-03",6
14650,3,8170,2024-01-03 06:14:24,NA,59136,1043499366,1262934971,"2024-01-03",6
14659,3,4336,2024-01-03 06:47:36,"04-01-2024 01:37:33",56997,1859221806,2332240326,"2024-01-03",6
14652,3,7804,2024-01-03 06:28:02,NA,58318,1377681804,1709337821,"2024-01-03",6
14655,3,7595,2024-01-03 06:40:36,NA,58164,1001392516,1020365361,"2024-01-03",6
14656,3,6439,2024-01-03 06:44:52,NA,57908,848619420,916621679,"2024-01-03",6
14650,3,8170,2024-01-03 06:14:24,NA,59736,887322472,925380554,"2024-01-03",6
14652,3,7804,2024-01-03 06:28:02,NA,58918,1347377173,1738850599,"2024-01-03",6
14655,3,7595,2024-01-03 06:40:36,NA,58764,495261697,620399480,"2024-01-03",6
14656,3,6439,2024-01-03 06:44:52,NA,58508,692330588,948400596,"2024-01-03",6
14650,3,8170,2024-01-03 06:14:24,NA,60336,1173784769,1393914336,"2024-01-03",6
14652,3,7804,2024-01-03 06:28:02,NA,59518,1579812925,1920124228,"2024-01-03",6
14655,3,7595,2024-01-03 06:40:36,NA,59364,946469338,1196391820,"2024-01-03",6
14656,3,6439,2024-01-03 06:44:52,NA,59108,1024115684,1147556833,"2024-01-03",6
14650,3,8170,2024-01-03 06:14:24,NA,60936,754004111,1024767948,"2024-01-03",6
14652,3,7804,2024-01-03 06:28:02,NA,60118,1293287065,1652001367,"2024-01-03",6
14655,3,7595,2024-01-03 06:40:36,"04-01-2024 02:16:39",59763,963637766,1256451564,"2024-01-03",6
14656,3,6439,2024-01-03 06:44:52,"04-01-2024 02:12:42",59270,797522164,869530173,"2024-01-03",6
14650,3,8170,2024-01-03 06:14:24,NA,61536,985214079,1349997018,"2024-01-03",6
14652,3,7804,2024-01-03 06:28:02,NA,60718,1366149945,1585657931,"2024-01-03",6
14650,3,8170,2024-01-03 06:14:24,NA,62136,679929383,885486589,"2024-01-03",6
14652,3,7804,2024-01-03 06:28:02,NA,61318,1398308428,2072348820,"2024-01-03",6
14650,3,8170,2024-01-03 06:14:24,NA,62736,488070367,721842823,"2024-01-03",6
14652,3,7804,2024-01-03 06:28:02,NA,61918,1513981681,2070822476,"2024-01-03",6
14650,3,8170,2024-01-03 06:14:24,NA,63336,941936986,1077843311,"2024-01-03",6
14652,3,7804,2024-01-03 06:28:02,NA,62518,1863892208,2125269938,"2024-01-03",6
14650,3,8170,2024-01-03 06:14:24,NA,63936,703962422,854831766,"2024-01-03",6
14652,3,7804,2024-01-03 06:28:02,NA,63118,1471344617,2118205369,"2024-01-03",6
14650,3,8170,2024-01-03 06:14:24,"04-01-2024 03:03:50",64166,1159060214,1365509327,"2024-01-03",6
14652,3,7804,2024-01-03 06:28:02,NA,63718,1365280172,1540020166,"2024-01-03",6
14652,3,7804,2024-01-03 06:28:02,NA,64318,1502764915,1550281877,"2024-01-03",6
14652,3,7804,2024-01-03 06:28:02,NA,64918,1583213471,1756008192,"2024-01-03",6
14652,3,7804,2024-01-03 06:28:02,NA,65518,1693444203,1713214078,"2024-01-03",6
14652,3,7804,2024-01-03 06:28:02,NA,66118,1450395225,1722016209,"2024-01-03",6
14652,3,7804,2024-01-03 06:28:02,NA,66718,1684367886,2293546437,"2024-01-03",6
14652,3,7804,2024-01-03 06:28:02,NA,67318,1970763537,2402638899,"2024-01-03",6
14652,3,7804,2024-01-03 06:28:02,NA,67918,1607191100,1645616445,"2024-01-03",6
14652,3,7804,2024-01-03 06:28:02,NA,68518,1428837895,1812222001,"2024-01-03",6
14652,3,7804,2024-01-03 06:28:02,NA,69118,2022770364,2731477189,"2024-01-03",6
14652,3,7804,2024-01-03 06:28:02,NA,69718,1754225947,1911813430,"2024-01-03",6
14652,3,7804,2024-01-03 06:28:02,NA,70318,1697762337,2001703300,"2024-01-03",6
14652,3,7804,2024-01-03 06:28:02,NA,70918,2238806214,2484578134,"2024-01-03",6
14652,3,7804,2024-01-03 06:28:02,"04-01-2024 05:13:29",71127,1301305355,1841196381,"2024-01-03",6
